GGTCGG	-0.995277937646549
CGGGGT	-0.961476524495911
CGACCG	-0.912282710476616
CTTAAG	-0.894409467721057
CGCGCG	-0.893590577464464
GCCCGA	-0.886060593225633
GGGGGT	-0.865758205602654
CCCCCG	-0.850571185732173
GCCCCG	-0.83179503491303
CTTAGG	-0.829284046955629
CTTAGA	-0.798125270161071
CTTAGT	-0.782214739725331
TTCGCG	-0.744299525417262
GGTCGA	-0.734485170963682
CTTAAA	-0.732922239401546
TGGCGT	-0.729401181910083
GCCGGG	-0.717884959248651
TGGCGC	-0.715747012477186
CTTAGC	-0.712142099971678
GTCCCG	-0.701334724801655
CCGACC	-0.699365899421312
AGTCAG	-0.667999041438998
GGTCAG	-0.66333569276481
GCCGCG	-0.662687973075237
CCGGGT	-0.651535733089555
CGGACT	-0.642449537932288
CCCCCC	-0.640592125574901
TCGGGT	-0.640448204496817
GTCCGA	-0.640201334670511
CGTAGA	-0.6397938528115
ACCCGA	-0.638534543087579
GGGGTC	-0.63793377661617
GCCCGG	-0.63221000990521
TTCGCT	-0.629580963351183
CGAGGT	-0.629480553355668
CTTAAT	-0.618844142263936
GCGCGA	-0.614103973219492
TTCGTA	-0.614079021874614
TTCGGA	-0.612021245594951
TCGGCC	-0.605970500652343
CGTAGG	-0.60521271822798
TCCCCG	-0.605173657911438
TTCGGG	-0.59755918439045
CGGAGA	-0.591504492682411
TTCGCA	-0.591157882275818
TGGCGG	-0.590644530174116
CCCGCG	-0.590127672604093
TCGGCT	-0.589327588575718
CCTAGC	-0.58654107620049
CCCGGG	-0.58648952768698
GTCGCG	-0.585094873236408
GCCGGA	-0.581361409152376
GGTTTT	-0.577615078431787
CCTAGA	-0.577391534088022
GCCGAG	-0.577224196412032
TTTAAG	-0.576829593949921
GGAGTC	-0.573206549910298
AGTCCA	-0.571400881961759
GGTCCG	-0.560158136317152
CGGGGG	-0.557709209664841
TCAGCC	-0.555302035125817
CTTATG	-0.55511811089324
CTCCAA	-0.554753717197663
CGGGTT	-0.552422910889591
CCTAGG	-0.551658874504301
CGCGCC	-0.549276810140243
TTGTGG	-0.548425591021539
AGTCTA	-0.547500626481788
GCGACC	-0.544663284511801
TTCGTG	-0.543172167651398
GGTCTG	-0.53221920066414
TCAGTC	-0.531648491685342
GGCGCG	-0.527823200134562
AGGGGG	-0.522163172043112
CGTAGC	-0.521231296479871
GGTAGG	-0.521012873323306
CGACGT	-0.517180389403999
ACGACT	-0.513017813755314
ATAGGT	-0.507789591107976
TCGGTC	-0.505490663421451
CACCTA	-0.504497953914735
AGCCCG	-0.501859229740811
AGGGGT	-0.500824294307834
GTTAGG	-0.499378429731667
CTTAAC	-0.492429842218987
ATTAGC	-0.492107075310614
GGCCCG	-0.490762688620059
CGGACC	-0.490031979258641
TTTCGT	-0.487202321149639
CGTAAC	-0.48665689527669
CCGACT	-0.486630044032426
TTGTCG	-0.485713940747599
GGGGTT	-0.482255344632153
AGCCTA	-0.481044771556721
GGAGCC	-0.478103268546528
GACGCG	-0.471972410643867
CCCCCT	-0.471648481092074
TTCGGC	-0.470038063914564
TACCCG	-0.467933141941726
CGATCC	-0.464413710395945
ACTAGG	-0.462254244438839
GGAGGT	-0.456923088203532
CGGGCT	-0.45187148092232
TCCGCG	-0.451277163186604
TTCGCC	-0.449198596155399
GGAGTT	-0.448611671450855
AGCCTG	-0.447273144826397
CTCCCG	-0.447124846860804
GGGGGG	-0.440994963007948
AGCCCA	-0.439416708581434
ACCCTA	-0.435738151079188
TCCGAC	-0.433115256311853
AACGCG	-0.433033109779371
CCACCC	-0.432995221238175
GCTTGC	-0.432728938029569
TTGTCT	-0.43096471774735
CCCCAA	-0.429837213582315
CTCCGG	-0.429832464556459
ACCCGG	-0.429782415758871
TCTAGA	-0.429629653938628
TGTAGT	-0.429224830869923
AAACGC	-0.427933440342414
GTCCGG	-0.427032649381712
TGCGGA	-0.425611673498878
CGTTTT	-0.423595334908698
TTGTGT	-0.422919907580318
TCTAGC	-0.422382017694561
CGGGCA	-0.419454844136898
ACCCCT	-0.419104308775356
GGAGCT	-0.417759425479507
CTGTCT	-0.41736823292542
AGACGA	-0.415618231974886
ATTAAG	-0.414372483338647
GCCCCT	-0.414117662408213
CGCGTC	-0.414055555313203
GGGGCT	-0.411477426613578
ACCCCG	-0.41099093809022
AGTCCG	-0.410593547354776
CAGACT	-0.41030478358556
GGGATT	-0.409634183202527
ATCGCA	-0.408111019260142
ATAGCT	-0.40803154222104
ACGCGT	-0.405242861190926
GCTAGG	-0.404281612354338
TTGTTA	-0.404127140029152
CTCGCA	-0.404108255796874
GGGGGA	-0.403986970292342
GCACCG	-0.403253591528757
CCTAAG	-0.403206713912446
CGAGTC	-0.402948282355475
CGCTTG	-0.402617921461398
TCGACC	-0.402420477921939
TCCGGG	-0.402373915538492
ACCCTC	-0.401714493595107
CCCCAG	-0.399398634243423
GCCGAA	-0.39835656887087
CTTACA	-0.397885265998491
ATAGTT	-0.396765827272555
CCGAGC	-0.39593710185651
GTGTTA	-0.394010366530375
GGGGAT	-0.393654103223781
TCCGAA	-0.393239613033897
GATCGG	-0.392833106710451
GTCGAG	-0.391800169849532
AGTCTG	-0.391478866133425
TGCGCT	-0.390871238020903
CGGTGG	-0.38937138379386
CGACGA	-0.389285539231895
CGGCGT	-0.38844610293857
TTGTCA	-0.388404154883948
ACGACC	-0.388395177700914
TCCCCA	-0.388253867741426
GTAGGT	-0.386240559306446
ACGATT	-0.386188966931787
CCTAGT	-0.385906330985735
GCTATA	-0.383751541202015
CGCGCT	-0.381958660432823
ATCGCT	-0.381613892285984
ATTAAC	-0.380479337350045
CACCCT	-0.380181351371005
ATTAGT	-0.380000989274664
GCCGAC	-0.379159811730659
CCGGCC	-0.378829352006067
AGGTGT	-0.378257352625211
ATAGTC	-0.377596383291107
GCGATC	-0.376995120991926
ATCGTA	-0.376364713971017
GCTCTG	-0.37576838636379
CCCCCA	-0.375654674622931
GCACGG	-0.37564638508449
AGCTTG	-0.375551850289806
CTTATA	-0.370612986018701
CGCGAA	-0.369973086908803
TGTAGA	-0.369910589651542
GGGATC	-0.368883223728093
ACTAAC	-0.368257125335004
ACTCGA	-0.367778290399303
CGCAGA	-0.36621420581995
TACCCT	-0.365808813453593
ACCCGC	-0.365337317017385
TCCCGG	-0.365187627622599
CGGATC	-0.364867102837362
GCAGCC	-0.364656290815026
TCAACC	-0.362683128299473
GGAGTG	-0.362263859550942
TACGCA	-0.361870881106485
TCGACT	-0.361683655967709
ACTAGC	-0.361141359134183
GAGTCC	-0.360518295062448
CTCAGA	-0.360002734031407
AGACGC	-0.359944592806355
ACTCGC	-0.359884074879681
CAACCC	-0.359474941851982
CAGACC	-0.358713756340841
AAGTCT	-0.358476690604454
CCCGAG	-0.358376005273756
TTTAAA	-0.357458748832938
CGAGCT	-0.357441316866634
GCCGGC	-0.357170820971392
CAGGGT	-0.356941706773336
AGCGCG	-0.356479802948748
GCGGGT	-0.355847483043304
AGACTC	-0.355389599408808
ACAGCT	-0.353560476604741
ATCCCT	-0.353415494052249
GTTACG	-0.353255214434574
ACCGGG	-0.352535955348288
AGTCCT	-0.351571255977073
AGACTT	-0.349878492054486
GTCTAT	-0.349325421597519
TCCCCT	-0.34898899400381
GTAATC	-0.348950270065782
ACTAAA	-0.348714983923882
CATAGC	-0.348126313171665
GGCCGA	-0.348027492782646
TATAGC	-0.347190452841237
CGCGGT	-0.346952837040496
GTGTCT	-0.346787964136043
GCAACC	-0.346565828928303
ACTAAG	-0.346218998775604
TGTAGC	-0.345950980575757
CGTAAG	-0.345491840110292
GCTAGC	-0.345202489726096
ATCGCG	-0.345052619753138
ACCGGC	-0.344212108242012
ATTAAA	-0.344093230451347
GCCGCA	-0.343998279194603
CGGGGC	-0.343195615715026
GTCGTG	-0.34256132091812
GCCGAT	-0.34228877157248
CGAAAG	-0.342151062219923
CGGGTC	-0.342095494175575
CCAGCC	-0.341597824470025
GCAGCG	-0.341413086615314
TCTAGT	-0.341062170999002
TTTAAC	-0.34009509933362
ATCCCG	-0.339630973799923
TCCGAT	-0.338946132541046
CAGAGA	-0.338170380545365
CTCGAA	-0.337720404851193
TCGCGT	-0.336599779507681
AAGTCC	-0.335688639872223
CATAGT	-0.333781704495732
ATCTCA	-0.333657286124731
TACCCC	-0.332700177083724
TTTAAT	-0.332657413346579
TCGGAC	-0.332655438094512
GTAGCC	-0.332008507476351
AAGTGG	-0.331698957868555
GCAGTC	-0.330975011672206
CCGAGT	-0.330804715153589
AGTAAG	-0.3293037471426
ATTAAT	-0.327443217388705
CCGTCT	-0.327330776195802
TTCGAG	-0.32720534563919
ATTAGG	-0.326993961819738
TTGTTC	-0.326893003884164
TCCGGC	-0.326672603632409
GTTAAG	-0.326260695570814
TCTAAC	-0.326116171488605
GCCCAG	-0.325746720597015
ACAATC	-0.325705824833067
TTTATA	-0.325420828106348
GTCGTA	-0.325064195126738
AGACGT	-0.324806329669451
CTTACC	-0.324399655386944
ACCGGA	-0.322177910045316
ATCTCG	-0.321644927980827
CTCGCT	-0.320723879653074
TTGTGC	-0.320477476239218
TATGTA	-0.320403049474584
CCCCTG	-0.320235582169083
TGCGCA	-0.3201995498553
GCGGTC	-0.320044859136281
GCCTCA	-0.31859576648558
TTCGAA	-0.31851027584434
TCTAAG	-0.318016886002141
CACGCG	-0.31737422758528
GGTAGT	-0.317234233947702
AGTCGT	-0.316937430600571
CGTAAT	-0.316681730463693
AGCCTC	-0.316282316291655
GTTACA	-0.316156047192281
GTAGCT	-0.315415677663314
TTGCTT	-0.315278271788096
TACGCG	-0.315225385116945
TTGTTG	-0.31519162146804
CCCGAA	-0.315131300610415
ATGTTG	-0.314589105563386
CCCCAC	-0.31439184153643
GTCTCA	-0.314044674850041
CTTGAG	-0.31401252543275
TCAGTT	-0.313900169498673
GTTAGT	-0.313123163110006
AAGCGA	-0.312976853855172
GTAGTC	-0.312564032362507
AGCTTA	-0.312374685042152
ACGATC	-0.312146000359218
GTCCCT	-0.311723645410034
CCGTGT	-0.310398284933599
GAGGGT	-0.30998824774674
ATCTAT	-0.309873764282949
TTGCTC	-0.309518828599415
AGTCCC	-0.309253287379899
AGTAGA	-0.309039787337805
AGGATC	-0.308949901475289
CCCGCC	-0.308364904012166
ATAGCC	-0.308080706520347
TTCGTT	-0.3080745222461
GTTAGC	-0.307778774150903
GCGAGC	-0.307484699747961
CCGTCC	-0.307402540605656
ACGGGT	-0.30735976333151
CAACTC	-0.30735791686348
ACGTCT	-0.307070597061142
GCTAGT	-0.306068394297437
CACTTA	-0.305865113410433
GTCTCG	-0.30476827803328
AGATGC	-0.304731841506271
ATCGCC	-0.304321391455746
CTCGCG	-0.304200297691224
GTTAGA	-0.304003573412195
GGTCGC	-0.303404925478995
ATGCGC	-0.303369194436989
GCTCCG	-0.303215311058302
TGCGTC	-0.303075281833793
CCAGTC	-0.302902606722112
GCAGTT	-0.302008613510192
ACGGCT	-0.301443536797274
ACTAGA	-0.300776962491505
CTGTCC	-0.299681222418612
GCGAGT	-0.299557097227245
ACTATG	-0.299502998207499
AAACGT	-0.299282365209111
CCCCGG	-0.298918704377769
CGACAC	-0.298913407080185
GTTAAA	-0.298125499639411
ACGGCC	-0.29735496639339
ACAGTC	-0.29695147845893
TGTCAG	-0.296818776785367
TCGTCT	-0.29681823418701
TTTACA	-0.296231729278135
TCACGT	-0.296103543362272
GCGATT	-0.295693374366055
CGCTTT	-0.295407258258188
TATAGT	-0.294979131719542
CATAGG	-0.29463155298728
AACCGA	-0.293966631005865
AAGTTA	-0.293392222234086
GGCTTC	-0.293294466054156
TACCGA	-0.29266961396282
TTCTCA	-0.292480807938236
AGTCAA	-0.29225541379467
TCGGGG	-0.292203087245704
CGTAAA	-0.291545083335803
TCCGGA	-0.290908206165244
TCCGCA	-0.289426985051157
AGATCC	-0.289380629087362
ATTAGA	-0.289039886264719
TCAATC	-0.288676400429037
GGAATC	-0.288530232024925
CGAGCG	-0.288258829172566
GACGGA	-0.287952444061348
ACCCTG	-0.284805598940172
CAGTCC	-0.283909039941308
CTCCAG	-0.28212379667435
GTGTCA	-0.281583195310207
CGCGTA	-0.280993084300984
CTCCGT	-0.280751863934523
GCCCAC	-0.278729618553755
TCGGGA	-0.278641327799632
GTCCTA	-0.278130614134194
GCTGGG	-0.277442998848821
ACAGCC	-0.277330952408666
GACGCA	-0.277153488888738
TCTTGC	-0.276344459012238
GACTCA	-0.276166204517025
GCGACT	-0.27607080418189
GCGCGT	-0.275936896533332
TCTAGG	-0.275166186293497
ACTTGC	-0.275116614606518
ATCTTT	-0.275006771239883
GGGTGT	-0.274572320395617
CACCCG	-0.274281878740046
ACGGTT	-0.274206890523002
ACAGTT	-0.274131591890201
CGAGCC	-0.272470811758852
CATAGA	-0.27233434881895
ACCGAA	-0.272037606190712
ATCGTG	-0.271556417630462
CTTCAG	-0.271502264127936
CACTTT	-0.271133814276946
GTCCAG	-0.270384039851065
TTCTCG	-0.270344136935292
GGTTCG	-0.26980948931627
GCACGA	-0.268867795861807
GATCTA	-0.268838837859489
GGAGCG	-0.26841103460612
AACGCA	-0.268342231868945
ACTCTG	-0.267698312872311
CACGGA	-0.267210800610021
ATTACG	-0.267117587851833
AGCCCT	-0.267116074392068
GTGATC	-0.266822068147695
GCTCGA	-0.26680493950969
TGCGCC	-0.266677897139532
GTAGTT	-0.266665550789128
GTTCGA	-0.266580714846426
GTAATT	-0.266394593308525
TTCGAT	-0.266198190867169
CGTCCA	-0.265280236805001
ACCCAT	-0.264766577035967
AGTATG	-0.264733046757423
GTCGAT	-0.264293265407891
TCGGGC	-0.263521576326845
TTCGAC	-0.263236769703341
GCCTCG	-0.261336018781993
CATAAG	-0.26087148659951
TTGTCC	-0.260758445391017
CGGCGA	-0.260653400063862
AGTTCC	-0.260260740290152
TCGAGT	-0.259796868962245
GCCCTG	-0.25976177354658
CACGCA	-0.258949693334438
TCAGGT	-0.258429578335129
AGAGGG	-0.258154652696525
GTGTGT	-0.256961363574021
GTGGGT	-0.256817968412609
GATCTG	-0.256750337931272
TTGCCG	-0.25673685876621
TATAAG	-0.256517176639664
GGGACC	-0.256500954968206
TTCTAT	-0.256433765508775
TCCGCC	-0.256322443345233
CCACTC	-0.255679885790546
ATCCCC	-0.255177570762949
AGCCGT	-0.254642218373581
TCAGCT	-0.254615239107145
GGCTTG	-0.254518728551043
GGGACT	-0.253989210432655
GCCGTA	-0.253817678230818
ATGTTA	-0.253663272523481
GGAGTA	-0.253474075820824
CGGAAC	-0.252909703157349
CAGATG	-0.252783403255122
TCTCGG	-0.252436605422093
TGCGGC	-0.252280145400865
ACCTTT	-0.25194957732899
TGGCGA	-0.251890914682653
GTGATT	-0.251751338865275
GTCGAA	-0.251736168244659
CTAGTT	-0.251721633678789
CAACGC	-0.251604241353504
ACTCGT	-0.251429364204256
ATCTTA	-0.251428847999291
ATTACA	-0.25133086199961
GATAAG	-0.251307765692085
CAGTCT	-0.25103249553749
CGTCTG	-0.250809915070604
GCTTTT	-0.250782673516795
AGTCTC	-0.250432599484839
GCAACT	-0.250195998519907
CACGCT	-0.249873445946851
ATCTCT	-0.249483769204636
CTGTTA	-0.249274481539788
AAGGTG	-0.248770854968238
AAGTGT	-0.248587580840422
CGTACG	-0.247934615088536
GCAGCT	-0.247906971783167
AAGTCA	-0.247608753189124
AATAAG	-0.247313151340358
GTCTTA	-0.246963778306668
GGGTGG	-0.246907140077098
TCCTAT	-0.246695433152264
CGTACA	-0.246315616214551
GCGAGA	-0.246277281019748
CCCGGA	-0.246058474682189
AATCAG	-0.245658854387253
ACATTG	-0.245261122046225
AGCCTT	-0.245106473250498
TGGGTG	-0.244912317965775
TTGTAT	-0.244657542021515
ATCGTT	-0.244586959581027
AGACCC	-0.243898883684151
CAACTT	-0.243802465233283
TTTCTA	-0.243756879911378
TATATA	-0.243456252582173
TGCGGT	-0.243395297676973
AGGGTT	-0.243358890130899
CTGACT	-0.243347652966269
ATCCGA	-0.24314899779778
CCTAAA	-0.24299515620315
CGGATT	-0.242287137961389
CCGAGA	-0.241496914794304
AACGTG	-0.241254967715403
TGCGTG	-0.240856710664326
GAGTCT	-0.24051005859795
CCTTTT	-0.240203624861748
GCCTTA	-0.239828216796646
GGTCAT	-0.239529836411861
AAAGCC	-0.239378360193364
CCTAAC	-0.239300020014173
CGCTTC	-0.239239725145541
ATGCGA	-0.239129380083689
TGCGAA	-0.238637865320981
ACCTCG	-0.23788309702031
ACCCAG	-0.237584235469004
AGTCAC	-0.23728620807077
GCTAAT	-0.237279195516425
CAATGC	-0.237268773529738
CACCCC	-0.236872012522881
CCGTCG	-0.236366663710908
GCTATG	-0.2356251685573
GCGGTT	-0.235604771752022
TTCTCT	-0.235512208116767
GTGACT	-0.235355533190324
GCTAAA	-0.235135508501759
TATCAG	-0.234745582489852
AAAGCG	-0.23430406206236
GCTAGA	-0.233694797224314
TTCCCG	-0.233645292118479
ATACAA	-0.233617587262815
TACGGA	-0.233611930616493
CGCATT	-0.2328544889193
GCTAAG	-0.232534323298047
GAGACT	-0.232154731515494
TACTTA	-0.231944112949138
ACCCCC	-0.231854437313656
TCCGCT	-0.231539638296289
GGTCCC	-0.23148013381666
AGGTCC	-0.23066606333248
ACAACT	-0.230402465145621
GTGTTC	-0.230375257928384
CTCAGG	-0.230111345739282
TTGCCT	-0.230019329778751
ATTATG	-0.230007639998541
TTGTTT	-0.229802264200758
TGGAGT	-0.229676382694859
ACCTTG	-0.229066675736137
CGTATG	-0.229008670766608
ACATTC	-0.228512093591859
CTAATT	-0.228495718716376
TCCCCC	-0.228391976426215
GTTATA	-0.228108782601588
AACGAG	-0.227795495240888
CTGACC	-0.227760056537458
TCGATT	-0.227381135401314
CTTACG	-0.227209348820455
ACGTCC	-0.227176928791665
CCTATG	-0.226850956102532
CTGAGA	-0.226823475177792
TGCGCG	-0.226263678650453
GGGGAC	-0.226165198764424
GGGGCG	-0.22586711178125
GGGGTG	-0.22559453293335
CGGAGC	-0.225397419699948
GCGAGG	-0.224801435523657
TGTAAG	-0.224735204316247
CAGGTT	-0.224716781223915
TACGTA	-0.224385498225378
CTGCCT	-0.224085515903196
CATACG	-0.223885891745115
TATAGA	-0.223791510045046
GGACCA	-0.223432398482738
TCAATT	-0.223398375098727
CCCGGT	-0.223341674101455
CCCCGA	-0.223317449236568
GCTACG	-0.222732251788884
GCGTGT	-0.222471056332577
CGGGAT	-0.222463581625119
AGCCAG	-0.22206338336772
GAATTC	-0.221803347931636
GCGATA	-0.221601622411865
TACGGC	-0.221364191414132
CCGCGT	-0.221169000431336
TTTCTG	-0.221099166911268
TCTAAA	-0.221036068974645
CCTCTA	-0.22087369603476
CGCGAC	-0.220835805770909
TTAGCT	-0.220170385834793
GTTCTG	-0.22008269188451
GGAGGC	-0.219854196696875
CGAACT	-0.219659227231599
ACCGCG	-0.219485587061926
AAGCGT	-0.219326054960299
GCCTGC	-0.21862632172439
GATTGC	-0.218256629740815
CACGTG	-0.218125635010311
CCAGGG	-0.217556544445426
CTCCCA	-0.2175493890644
AGTCAT	-0.217452172424155
ACGACG	-0.217326665992645
GTACAC	-0.21725468630196
TCTAAT	-0.217133043142123
CCCGAT	-0.216881561675406
TCGGTT	-0.215923445775637
ATAACC	-0.215835844199965
TCGGAA	-0.215186545384343
CTGCCA	-0.21496764523783
GGCGTG	-0.214474504529077
ACCGAG	-0.214462113265089
TCTATA	-0.214290354630099
AACGGA	-0.214255850300789
GAGAGA	-0.213815035126354
CTCCCT	-0.213739471238916
CCCTAT	-0.213566484122826
CCTACT	-0.213524987514957
GTTCTA	-0.213125751127936
AGTACT	-0.213007506247528
ATAATC	-0.212586675363766
AAGCGC	-0.212104489480356
TCCGAG	-0.211936477332885
CCACTT	-0.211927034570526
CGTCCT	-0.211489701330388
CTTATC	-0.211487258476378
AACGCC	-0.210927223074422
GTTCGG	-0.21088692664517
CACCTG	-0.210481196732395
CTCGCC	-0.210412858835391
TCCCTC	-0.210369572913339
GGCGGG	-0.209353995653124
CTGTGT	-0.209016323312314
ACCGAC	-0.208847822731546
CCCCTA	-0.208435012292357
ATCGGA	-0.20831188164363
GTGTCC	-0.208058919609949
GAGATG	-0.207988568505408
GTCGCC	-0.207790336527504
GTCGGC	-0.206326462858396
CCCGAC	-0.205872453832876
CCGTGG	-0.205058517876258
TTTCAG	-0.204947252229411
GAGACC	-0.203929166270173
GGGGAA	-0.20376245306235
GGGGGC	-0.203720177934867
GAACGC	-0.203706727410977
CCCGCA	-0.203579931598021
CTAGCC	-0.203302442264959
AGGGGA	-0.202560700694617
GGGAGT	-0.202437502356914
CTTACT	-0.201613989077792
TCCCAT	-0.201179815888081
TCCCAG	-0.200657614931866
TGCTTG	-0.200448941386511
CAACAA	-0.200332952075242
CCAGCG	-0.200193681560076
TTGTAC	-0.199949927418283
ATCCGG	-0.199889340347754
CTCGGA	-0.19955318816652
ATAATT	-0.199364168135332
GAACCC	-0.199222691662612
GTGCGT	-0.19890443065207
CGGGCG	-0.198850858745165
AGTTCG	-0.198709176982407
ACTAAT	-0.198502866813258
ACTCTT	-0.19846589513373
AACGGT	-0.198374565050263
GCCGTG	-0.19801822973419
GGTAAT	-0.197618445700802
GGCTTT	-0.197612851778007
TGGCCG	-0.196799575974608
ACACTC	-0.196737884300761
ATCCAC	-0.196601254033474
GACCTA	-0.196527403167939
CATTAC	-0.196517099801885
CTAGGT	-0.196071639847591
TTTCCA	-0.19555630745826
GGGTCA	-0.195401153965581
CCAGTT	-0.194878168863681
GTGTGG	-0.194549637748539
GATAGG	-0.194416675653038
TCCTGT	-0.194330671676577
CGTTTC	-0.194045020490014
TATACT	-0.193576534336474
GCACTT	-0.193467882739929
CGTATA	-0.193271123254894
AATCGG	-0.192916856909409
GACGTC	-0.192901545102941
GCTCAG	-0.192875560052173
TCGATC	-0.192666097152677
GCGACA	-0.19255331431664
ATCTGG	-0.191762095527878
CTGGCT	-0.191623510212374
CTGTGG	-0.191584082406444
ATAGGC	-0.191478377639759
GGCGTC	-0.191403002372196
AGTTCT	-0.190853876869273
GTTGTA	-0.190679643811206
CCCTGG	-0.190422388808696
GCGAAT	-0.189861419827193
TCCTGC	-0.189132839624725
TGCGTT	-0.189073520061014
CTCCAC	-0.188997045372843
AGATAC	-0.188591768466375
AAGTTG	-0.188538478545972
AGCTTC	-0.187821112359993
ATACTC	-0.187650076916904
ATCTTG	-0.187393291486298
GGCATG	-0.187336795203981
TACCTT	-0.187180105279652
AACCCG	-0.187156786980352
CATCCC	-0.18704658726609
GTTAAT	-0.18679090282949
GCAATA	-0.186709749489622
GTGTAT	-0.186105372731459
GGGGTA	-0.186047246673034
AGACGG	-0.186039384574247
GATCAG	-0.185955910255484
TCCCTG	-0.185916781138105
CAGGTC	-0.185855609677011
AAACAC	-0.185803598704145
TCCTGG	-0.185688235451452
GTGTTG	-0.18502683494615
CATAAC	-0.184852658068423
CCTATA	-0.18484156493838
CCCCTT	-0.184693941750308
GGTACG	-0.184493110307463
CCACAA	-0.184476313283895
GTTGAG	-0.18431854933062
AATCCC	-0.184317179003008
GTGCAC	-0.184246002018266
ACTCGG	-0.184171696082116
GGACGT	-0.183821466563374
GGCTTA	-0.183784634851028
TGCGAT	-0.183599512239447
CGCACT	-0.183285279591749
ATTATA	-0.183091619720478
GCCTAC	-0.182175712825907
TGTAGG	-0.182121936072661
GGGGCC	-0.181999221239855
TGCCCG	-0.181659962327216
TGGAGC	-0.181442126607999
CTCTTA	-0.181400198061825
AGGATT	-0.181295946616877
GTATGT	-0.180475321270193
TTCGGT	-0.180416038743337
TGTTAC	-0.179880208279607
GCGGGG	-0.179391737145926
GATTAC	-0.179107250667178
TGGGGA	-0.179006803118512
ACAACC	-0.178893277201684
TACTCG	-0.178756816489676
AGCTCC	-0.178477909244833
GGAACC	-0.178433053975721
GTAACC	-0.176758040816127
GAGATC	-0.1766788862028
ACCGCA	-0.176605125171732
CTGAGT	-0.176102799426618
CGAGGG	-0.175446123224514
GTCGCT	-0.17523481675336
TGTACA	-0.17517634938931
AACGTA	-0.17501445891126
CAACAC	-0.174468622140658
GGGTAT	-0.174361154104906
TGCCCA	-0.174355301018544
AGGAGT	-0.173792720446434
GTTAAC	-0.173601910317533
GACGGG	-0.173557110604785
AGGAAT	-0.173475507721836
TGCCTA	-0.173415738387218
GTGTAC	-0.173372054731763
GCAATT	-0.173096979763783
TCTTTT	-0.172787455831716
CTGCGT	-0.172780057086626
CACAGG	-0.172015578063343
TGTCCA	-0.171795652068634
GTGCCA	-0.170865296434861
TTAGTT	-0.170813746429471
TTCGTC	-0.170569437026937
GACGAG	-0.170148908525167
AGATCT	-0.170069022347035
CATCTG	-0.169895798448185
CAGATT	-0.169661167209742
CATACC	-0.169621583165095
GGCGTA	-0.169568625072598
GTGCCT	-0.16953426439168
ACGGTC	-0.16936226366011
TTTAGT	-0.169129932562537
CCCGGC	-0.169024930385882
GCCCCC	-0.168806999853348
CTCCTA	-0.168482785693984
GTTCAG	-0.168225497378662
GCCCGC	-0.168118606615961
ATGACT	-0.167566081082755
AACGGG	-0.167560700751955
GTTATG	-0.167545217332761
CCGGTC	-0.167102160430585
GGTTTC	-0.167082272085792
TTTCAT	-0.167002801296915
CCACAC	-0.166836990499301
CAATCC	-0.166788659837202
TTCTTT	-0.166750107382065
TATTAC	-0.166725743491736
GCCTGG	-0.166500085079885
TTGCGG	-0.166259923246604
CGCAGG	-0.166098721287067
AAGTCG	-0.166072217626572
TTGCTG	-0.166005936737968
ACCCGT	-0.165998582762024
ATTCGG	-0.165967175929927
GTGAGT	-0.165871199094986
CCAGAC	-0.165503375000876
CCGACG	-0.165442003578407
GAACAT	-0.165427260491205
CTGACA	-0.165419427503734
TGCCCT	-0.165251218239682
GGAGAC	-0.165078508122652
TCGGAT	-0.164957813466101
CGTAGT	-0.164585839585725
GGACCG	-0.164125397058197
GCAATC	-0.163854465843382
GCAACG	-0.163603505967191
TTCCTG	-0.163580081757684
GATAGA	-0.163552016900641
TGCGAG	-0.163344170288255
CACGCC	-0.163200515347176
GTCCTG	-0.163184809445422
TCCCTT	-0.163093105154957
ACGCGC	-0.16286262042928
AACGCT	-0.16285725609726
GGCATT	-0.162316328330383
CACTCG	-0.162230197342467
CTTGAA	-0.162208421354458
ATAGGA	-0.161450874667646
AACGAA	-0.161388347127489
GAGTCA	-0.161290025604349
GGTCCT	-0.161066862244703
AGTCTT	-0.160866991085892
CAGAAC	-0.160639001089096
AGCGTC	-0.159362201297175
ATCGAA	-0.159130140432266
GGCATC	-0.1589230224252
GTATTA	-0.158475184044123
GGACAT	-0.1582754473342
TCAACA	-0.158089289515483
GCCCAT	-0.158034752656791
TCCTAC	-0.157850213884468
TGTATA	-0.157724576520659
CTGGTT	-0.157670764890424
AAGATG	-0.157579422412171
GATCCC	-0.157424895830161
GCAGGG	-0.157340188606937
AAGTAT	-0.157290377579601
GTGCGA	-0.156679126180617
CTGTCA	-0.156605731966568
TATAAC	-0.156183206055145
ATAGAA	-0.156114909242231
TCTATG	-0.155831294452796
ATCTGT	-0.155612468036943
ATGCAG	-0.155128279392719
GAGATA	-0.154997350377688
TTAGGC	-0.15490642386538
TTTCAC	-0.154776285582724
AGCTCA	-0.154580063216718
GCTAAC	-0.154327870099733
CCAATC	-0.154326431023847
GAACCA	-0.154098835165375
ACTATA	-0.154008758687866
CCAGTG	-0.15378086355449
GCTACA	-0.153629289571578
CCGGCT	-0.153424970135096
CTAACT	-0.153191868321546
CCGGTT	-0.152845280621853
TTTATG	-0.152486038370552
ATCCTG	-0.152431181795937
GCTCTA	-0.152362338181296
ACGACA	-0.152352118191343
ACTCTC	-0.152293394727822
GACGTG	-0.15215464144837
CCATCC	-0.151380934289029
AGAGTG	-0.151306302283672
GCGGCC	-0.150511910211375
AGGTAT	-0.150343860613442
AGGTGG	-0.150341498984249
TTAAAA	-0.149913741251852
ACGAGT	-0.149824853400428
TACATA	-0.149761563368173
CGGGTG	-0.149594863291398
AAGGTA	-0.149525588426023
TTTCGC	-0.149518683923098
TCAGAC	-0.149449993720997
TGCGAC	-0.149417272688011
TTGCTA	-0.149378424536964
GATAAC	-0.149368880973552
CATTGC	-0.14914524565261
TATCTA	-0.148915762588623
AATAGA	-0.14881517550059
GAGGTC	-0.14855339180648
GACGCC	-0.148405732351426
TTTAGG	-0.148163594860458
CAGGAA	-0.1479902732476
CTCTTG	-0.147923402322577
TCACTC	-0.147820704284621
GACTTA	-0.147609130555103
AAGATT	-0.147415040952876
AGCTCG	-0.147408792469276
TGTCCG	-0.147142049672781
GAGTGT	-0.146917207963491
CGAGTT	-0.146877368046176
GTCCCC	-0.146813999058689
CTCGTT	-0.146155275764675
AGTATC	-0.146106929432481
TACTTT	-0.145996246307484
AACGGC	-0.145827964575596
AGGTTG	-0.145805909304419
AGATTC	-0.145729899761169
GCGGCT	-0.144974088022354
GGCGCA	-0.144940264709106
CGTCCG	-0.14468517351262
GCGTCT	-0.14447720472817
TACGGG	-0.144288543842572
AACTCA	-0.144154624686476
TTTTTT	-0.14392061613582
CGGCAT	-0.143409974598736
TCTTGT	-0.143398388729676
CGATTC	-0.143284401672094
ACCTAT	-0.142545982354482
TTTAGA	-0.142464879869172
ATACGT	-0.142212353812362
AAAAAG	-0.14168920348768
GACTTT	-0.141574191467574
CGACCA	-0.141556952729683
CGCGTG	-0.141119715835619
CCCTAC	-0.140427919721493
GACGTA	-0.140209799911261
ATTCTG	-0.139866830145341
ACACTG	-0.139816745403953
CGACAA	-0.139559697455873
AGTAGG	-0.139485452785744
CGACCC	-0.138836444854216
GCCTTG	-0.138673072524939
AGGAGA	-0.138456743147016
GTAGGC	-0.137772386881777
GAGTGG	-0.137339509105166
CCGATC	-0.137216332175725
TGTTGT	-0.137177564109981
ACACGT	-0.137146523162342
GAGCGA	-0.137116729766948
GTCGCA	-0.137097152496159
GGGAAT	-0.137079058997455
ACCCCA	-0.13698120727915
TTAGCC	-0.136386818631177
CGAATC	-0.135765736722888
CCGAGG	-0.135622953784715
GGAGCA	-0.135358279113995
TTGCCA	-0.135247406571843
AGTCGA	-0.135021509918263
ACCGAT	-0.134956140371501
GGATCA	-0.134833547985689
AAACAT	-0.134650169545244
CCACTG	-0.13449148486712
GTCGGA	-0.134452609964546
GGTTAT	-0.134417627709151
AGCGTT	-0.134236589459329
ACAGGT	-0.134091737884895
GCGATG	-0.134071277072164
GTCCCA	-0.134001067078418
ACTCCC	-0.133961822541594
TCTTGG	-0.133953536333755
GGTCCA	-0.133732125299458
AATTCC	-0.133625359840671
CTGTTG	-0.133394351149207
AACCGG	-0.133149740857383
GGCGTT	-0.132935360110149
CTAAAG	-0.132785773104456
CCACGA	-0.132713750754186
CCTATT	-0.132627880158586
AATCTG	-0.132548767149058
GGAGAT	-0.132460445349403
GTTCCG	-0.13244770906063
CCACAT	-0.131995286947481
GGCGGT	-0.131971167726531
AGATGT	-0.131931142655538
ATCCGT	-0.131597271509166
AGACAT	-0.13120130646818
TGTATG	-0.131185292298488
GGTAGC	-0.131086837851594
TCCCTA	-0.131028262406404
CCTAAT	-0.130515580850978
GACGCT	-0.130431934067397
CTAAAA	-0.130382572364849
ACTAGT	-0.130346715268078
TGGATC	-0.130092429290721
GTGCAT	-0.130029899174688
GACGAT	-0.129926712349447
GTAAGT	-0.129906557297204
ATGTTC	-0.129703693438958
GTCGGG	-0.129484754478895
ACTCAC	-0.129329798987511
AACTTA	-0.129293595186755
ACCTCC	-0.128976979635847
GGTCAC	-0.128583411358804
ATTCGA	-0.128567584668047
TTTAGC	-0.128531309712526
AGATAT	-0.128521149574927
CTAACC	-0.127430312625071
AGCCAA	-0.127203778545141
GATAGC	-0.127133783310259
CAACGT	-0.127039482165927
GGTACA	-0.126935999294881
TACAGC	-0.12681952440722
TATACC	-0.126788854560732
GATCAC	-0.126672456945406
GCCTAT	-0.12633152487814
CGAAAA	-0.125610283723641
TCCGGT	-0.125497645825211
CGGGAC	-0.125457217356949
AAAGGC	-0.125439568671351
GGAATT	-0.125092960575496
AATCAC	-0.124824720260836
AGCGCA	-0.124459882812069
GGTGGA	-0.124312792177566
CCAGCT	-0.124264799743457
AGGACC	-0.123954983082137
AGGATG	-0.123807735640295
ATAGAT	-0.123775335075764
ACACTT	-0.123614791005031
CCGGCG	-0.123544186091455
TACGCT	-0.123437950535698
GAGATT	-0.123176210199905
AGCCCC	-0.123067229217044
CCCCGC	-0.122834853194415
AAAACC	-0.122702992211808
CAGTGG	-0.122611452386191
ATTACC	-0.12260029352812
GAGGTT	-0.12232204683069
GCCCTA	-0.122279805668676
TCTCTG	-0.121978045939838
TCAACT	-0.121970114468514
CGATTG	-0.121843637831153
GCGTCC	-0.121685758234087
AGGAGG	-0.12154289618326
GTCTTT	-0.121434075686236
CACGGC	-0.121252523445133
GTTTTT	-0.121119221038995
CGCCTA	-0.120966369266322
GATAGT	-0.120927331092825
GTCTGC	-0.120564349400099
TCGGCA	-0.120470778462179
CAAGAC	-0.120333118177243
CTTATT	-0.120184032999543
AGGGGC	-0.120173338996969
ACTACA	-0.120040802442023
CACCGA	-0.119935599382744
CCTACA	-0.119860978595976
GTAACT	-0.119801199812621
TGTCAT	-0.119428739566073
CTCGGG	-0.119407731383385
ACTCAG	-0.119377834497742
AGGGTC	-0.119131653527677
TATAAA	-0.119066772536224
CTCCTG	-0.119019963734927
TCACAC	-0.118482050547798
AAGTTC	-0.118370916055127
GAATCA	-0.118347768788322
TACGCC	-0.118035768329745
AACGAC	-0.117732155200005
CAGAAG	-0.117711425502033
AGTCGG	-0.117521563567039
GCAGTG	-0.117397713602266
ATGCCG	-0.117147913373999
CTCCAT	-0.116472461716795
AAGATA	-0.116142346198924
AGGCAC	-0.115938517149374
AGGTCT	-0.115809493847424
CAGAGG	-0.115737522286551
GATCAA	-0.115507267600934
CTAGTC	-0.115438593062011
TTAGTC	-0.115375768928728
TTTACT	-0.115200338283544
CTGTAT	-0.115165233114305
CCACTA	-0.115036651760498
GTCTGG	-0.114877584349666
GCTTTC	-0.114795594712106
CTTCAA	-0.114750553881546
AAGGGG	-0.114577450894373
TGGTTG	-0.114534521700552
CTAGGG	-0.114477247521884
AAGTGC	-0.1143878952355
CGGGAA	-0.113935297397185
TTGCGC	-0.113845469044515
TTACCC	-0.113724698776636
CTACGC	-0.113604788571377
AAACAA	-0.113600615892217
GGGTGC	-0.113024255856177
GACGAA	-0.112756177133125
GTTGTG	-0.111987159522916
GAATCG	-0.111936782679203
CCTTGG	-0.111772499154241
CCGAAA	-0.111295164320246
GCTCTC	-0.111268453105207
CAATAC	-0.111196446396617
CAGGCT	-0.111030127278009
GACGAC	-0.110908867098359
CCCCGT	-0.110749813423014
GGGGCA	-0.110622509124343
GGATTG	-0.1103999354624
CATAAA	-0.110232439539361
AGACAG	-0.110192302015651
TGTGTA	-0.110055139026125
TCGACA	-0.110036681895041
AGCTTT	-0.109914273739974
ACTCCT	-0.109687610851789
AAATTG	-0.10926713211346
GCTGGA	-0.109226204975416
GAAGCC	-0.109086658482412
GGGATG	-0.108980125184641
AAACCC	-0.108922817765018
ATTTCG	-0.108602009581997
TTATAC	-0.108597075621075
AGGGAT	-0.108271074076565
GGCACG	-0.108225566356134
TTGCGA	-0.108219257417426
AGACAA	-0.108194905572929
GAACTT	-0.107654673507981
AAAGCT	-0.107558482787912
ATACAT	-0.107446315403937
GATCAT	-0.107351143879574
ACTCAT	-0.107345211512071
CAATTC	-0.107323540933377
TCCTTG	-0.107295682936617
TACTCA	-0.107270455267296
GGCCGG	-0.10722241760576
CTCGGC	-0.10691155098637
AATCTT	-0.106795186600949
TACCTA	-0.106735035256814
ATAGCA	-0.106569910627102
GAACAA	-0.106528608241398
AACGAT	-0.106513068419478
CGACGG	-0.106502720236603
AATTAC	-0.106448393609698
TTTCTT	-0.106212783952952
CGGGCC	-0.106026960200987
AATACT	-0.105505013887974
AAGCCG	-0.105343145779924
GTGGCT	-0.105230554756856
CTGGGT	-0.105124214862457
CGCCCT	-0.105027126756589
AGCTAC	-0.104888181903577
GATCCA	-0.104470516922682
GGCTCG	-0.104049311577763
ACTACG	-0.103955579466301
GGTCAA	-0.103945040661383
ATAGGG	-0.103941652404404
GTATTC	-0.103741247604174
CCTTAC	-0.103648992665993
GAACTC	-0.103600091280073
AAAGGT	-0.103451818462889
GCACAC	-0.10337416917722
CATCTA	-0.103362337422619
ACCTTA	-0.103335982465707
ATGCGG	-0.103305213481227
ATATTG	-0.103212376725268
GAACAC	-0.103195440654254
GAATTA	-0.103110899491506
GGATAC	-0.102970080543225
GACCCG	-0.102803291911985
CTGTTT	-0.10279308469473
GAATCC	-0.102649183442859
AATTGG	-0.102440628938439
TCCGTG	-0.102394267830298
CTAGGC	-0.10222834279449
AATAAC	-0.102203807662224
TTAAAT	-0.101973573130749
GAGAAT	-0.101874637060321
GGTAAA	-0.101667860390846
TGGTAT	-0.101601261671981
GGCAAA	-0.101446281398388
GTCCAA	-0.101323169299926
CCGTCA	-0.101221527067382
TTTCAA	-0.100691541266059
CGTGAG	-0.100272675957483
TTTCCT	-0.100065917258833
AACTCG	-0.0992795640918238
TACTGC	-0.0990811010769602
AATTCT	-0.0990383911091591
ACGTTC	-0.0989825170475854
CCGTGC	-0.0989784916695897
CAGATC	-0.0988611797874374
TGTTTT	-0.0987634603960855
CAGGGG	-0.098577563360994
TTGCGT	-0.0985586937601562
AGATTG	-0.0985272489324417
GGGATA	-0.0984723303574884
AGTCGC	-0.0982150474969549
AGCATG	-0.0981797258046386
GGATCC	-0.0981050919449072
CCCTTG	-0.0978405078642032
TCTTAC	-0.0977133583639368
ACCTTC	-0.0977077988035506
GTAAAG	-0.0977001821173978
CGTACT	-0.0975587321657049
TCCTCA	-0.0975395351757924
TATAGG	-0.0972733170909278
AGGAAC	-0.0971528029435033
GGCGAG	-0.0970043516474474
CTAGAC	-0.096570927191502
TTGCAG	-0.0963696255798947
CGGTGT	-0.0962421463209884
ATCTTC	-0.0961055904361184
CATAAT	-0.0960755153447043
CAATTT	-0.0959875928756783
GACGGT	-0.0956731452358529
GTCGTC	-0.0953838871615809
GCCCCA	-0.0952779420184132
ACACAA	-0.0952519030479928
ATTCTA	-0.0952441219706675
CACAGT	-0.0951295494037374
ATCCCA	-0.0950732550860455
TGGCAG	-0.0946194925430696
AAAGCA	-0.0945729527669012
CTCGTG	-0.0945728072749088
ACTCTA	-0.0942378074979619
CATCAG	-0.0940312753621833
CTAGCT	-0.0940159205869549
CTAATC	-0.0939945801343935
ACATAC	-0.0939850945593322
AAGATC	-0.093820155143448
GAGAGG	-0.0938089631754102
CCAGGA	-0.093661214883423
AAAGAC	-0.0935920702696564
CTGATT	-0.0929691275460596
TATCAC	-0.0929639953212749
CTATTC	-0.0928839524008513
TTCATA	-0.0926451485074116
CGCGCA	-0.092561981578608
GGCGGA	-0.0925147743202731
GAGCCG	-0.0923790589954661
AATGTG	-0.0921262973297765
ATACCT	-0.0916408456687478
GCGACG	-0.091556213735483
TATTGC	-0.0913809016644352
ACAACG	-0.0913576054885015
CGAATT	-0.0913065748899845
ATGCAC	-0.091236235987308
CAACAT	-0.091231704745917
ATCCTA	-0.0909016495195589
CATATA	-0.0902721838080029
GGGAGA	-0.0902721005961763
ATCGAT	-0.0902135818642582
AATCGT	-0.0901609394655452
TCCGTC	-0.090132038218584
ACATCC	-0.0898110978357839
TATAAT	-0.0897095968721743
CAGAGT	-0.0894077477308206
CACGGG	-0.0892311337279426
GTTGGC	-0.0891322775973513
CCTCTC	-0.0890349058312534
AGCCAT	-0.088961591947335
GCCCAA	-0.0888899532401568
AGTTAC	-0.0888657172435933
CACCAT	-0.0887868418612728
ATAGAC	-0.0886382210712605
CACGTA	-0.0886110649943383
CCATGT	-0.0885834996303338
GGGTCG	-0.0885626845051918
TCTATT	-0.0881184874938057
ACTGGC	-0.0878110571601942
TGGACT	-0.0873410717382854
TATTGG	-0.0871178139020514
GAGACA	-0.0870326494233773
TTCTGG	-0.0869113719892965
GAATGC	-0.0869058635548997
CTCGAG	-0.0869008571429904
CATACT	-0.086625454404855
CACCCA	-0.0866144728367709
CACTGT	-0.0862703617649105
AGAGCG	-0.0858953698698941
AAGACT	-0.0858774446279468
TTCTGT	-0.085694721104883
CGGCCA	-0.0856882798603056
TGTCTA	-0.0855580169790016
GATACT	-0.0855453083486707
CGACTC	-0.0853796116017242
TCAGGC	-0.0851619903322314
TCTGAC	-0.085086844339237
TCTACG	-0.0848531624887504
GGTTGG	-0.0846076696049039
ACACGC	-0.0845946659911994
AAATCC	-0.0844552027051408
CAGTGT	-0.0842503672617037
CCCGCT	-0.0841835729941833
TACGAT	-0.0839591925664803
GGCGAA	-0.0839271554657184
GCTTAT	-0.0835124645746099
ATTTAC	-0.083315766063492
ATCGTC	-0.0831742373423359
GAAGCA	-0.0828106735438629
GGTTCA	-0.0825988668851853
TGGCCT	-0.0825457758569134
AGAGTC	-0.0825301976402452
TTCCTT	-0.0822358942320747
TTCTTA	-0.0821132122714032
CCTATC	-0.0819253657183222
ATTTTT	-0.081546683493471
GATGTA	-0.0815131978790235
ACCCAC	-0.0814827608540713
AATCTA	-0.0814509933187973
TGCAGA	-0.0813393643338624
ATCGGC	-0.0811492124531518
TTGGGA	-0.080989317722629
TTATAT	-0.0808984678424429
ACATCG	-0.0807933811558733
AACCTA	-0.0805695984876071
ACCGCT	-0.0802633557553138
GTCTCT	-0.0802158528562042
TATATG	-0.0801906547570597
TCGCGG	-0.0800427076735364
CAATAT	-0.0797511461799543
GTATTG	-0.0796611392085713
ATGGGT	-0.0795946595030386
GGAGGG	-0.079563072187304
CCGATT	-0.0793249613660324
GAGTTG	-0.0791901732846155
TCAAAG	-0.0791150665627398
ATGCGT	-0.0788278829550019
ACGTGT	-0.078763168133134
CGCCTT	-0.0786624452045781
TTCCTA	-0.0785706600040653
ATCCTT	-0.0785545114981772
ACCGCC	-0.0784891172092809
GATATA	-0.0779062938897391
GACATA	-0.0778543618131341
TGTCAA	-0.0777228965339275
AAACGA	-0.0773818280137867
TCTTAT	-0.0773209087087468
AGGTAC	-0.0773152867737554
AAAGAA	-0.0771568042633703
CCATAC	-0.0771375217067544
AGATGG	-0.0770378147997284
TCAAGT	-0.0770255956409025
ATGTCT	-0.076967997730458
TTAAAG	-0.0768860166050458
CCGAAT	-0.0765191498341963
TTAGTA	-0.0764321222003165
ACACCC	-0.075990772850154
AGGTGC	-0.0759234660041349
CTGAGG	-0.0757624469110971
GGTTGC	-0.0757148675400247
ATCCAA	-0.0754941834348223
GAACAG	-0.075308613416997
GAGTTA	-0.075030976223092
GGCGAT	-0.0748090803439637
TCTTTC	-0.0745095940733141
CACGAG	-0.0742976560596112
CGGGGA	-0.0742137866609894
CCGTTC	-0.0742044925919996
TGTTGC	-0.0741589912603884
TGGCAT	-0.0741497645934756
ACCTGC	-0.0741079721537218
ATTACT	-0.0738009190985062
AGGCGT	-0.0737068892244506
TTAGGT	-0.0736700882781364
TACGAA	-0.0734813957360368
ACTTGT	-0.0733470147955719
TATCCC	-0.0729657015138362
GGTTGT	-0.0728445989810935
TTAGCA	-0.0728095204949046
ATGAAG	-0.0726062414987488
ACCGTG	-0.0724745050028274
CCAAGC	-0.0722678060601763
ACGAAC	-0.072128584347286
ACACTA	-0.0720258767524392
CTAGAT	-0.0719254772764725
GGTCTT	-0.0718221984971111
TCAACG	-0.0717519208587772
CCATTC	-0.0717493029549329
ATGATC	-0.0714653776037719
TTATTG	-0.0713684621494211
TGTAAT	-0.0709908741496244
TACAGT	-0.0709506678524052
TGCTTA	-0.0707939153000792
CGGCAA	-0.0707690708882073
AATACC	-0.0706666554192853
ACAATT	-0.0703653901644286
GAACGT	-0.0703419610562469
ACCGTA	-0.0701282506163579
ACTATT	-0.070085492961395
CCAACG	-0.0697064533048635
GTGGTT	-0.0693649844985129
GTGAAT	-0.0689181799009238
ACCCTT	-0.068724845496753
CCACGT	-0.0686928264779495
ACTTAT	-0.0680967958307969
AATTGC	-0.0680882478789827
AAACTC	-0.0679019243999998
AAGCGG	-0.0678606992902824
TGGAAG	-0.0674129250059873
GAATCT	-0.0674071605019974
TCTGAG	-0.0673870404119417
TCGTGT	-0.0673683642835561
TATACA	-0.067284318920404
TGGCTT	-0.0672748765392801
GCAACA	-0.067032618111765
ATCTAC	-0.0669908688162784
AACCCC	-0.06688505664857
CCCAGG	-0.0668034846578387
GCTCAT	-0.0667675785662745
TTGACA	-0.0667427227524149
ATGCCA	-0.0664803630639151
TCCTTA	-0.0664205253850505
GCGAAA	-0.0664054732628169
TGCTCG	-0.065942351819781
TCCGTA	-0.0658355334816013
GATACA	-0.0658023793781116
TACGAG	-0.0657696095102453
CTAAAC	-0.0656967904819234
GCTTGT	-0.0656204519791303
AGCCAC	-0.0653876750674092
CCCGTC	-0.0652572893105002
CAAACC	-0.0651054606507972
ATCGGT	-0.0650803713369926
AGACCG	-0.0649551010227874
ATGTGT	-0.064773626993169
TCGAGC	-0.0647170766241628
GAATAC	-0.0646316235206363
TGTTGG	-0.0646239667057445
ATGGCT	-0.064390135402875
GATCGA	-0.0643127351935695
GGTATA	-0.0642522603520426
CGGACG	-0.064209519654097
TATCTG	-0.0641942277962462
ATACCA	-0.0641820979772596
TGGGAT	-0.0641178619744436
TGTTAT	-0.0641095075557758
TCAGAT	-0.0640084510978022
CCGCCG	-0.0640026633056901
GACACG	-0.0638944695597667
TTTACG	-0.0638407821680141
ATGGAG	-0.0637859756027588
CGTCTT	-0.0637532602943275
TTTATC	-0.0636778567545663
AAGCTC	-0.0635186879797514
CTCGAC	-0.0626405346595534
TCGTCA	-0.0625563599335799
AATCAA	-0.0625452108929107
CTAACG	-0.0622895528219518
GATACC	-0.0622557338331131
GGACGA	-0.0622442245841982
GACGGC	-0.0617477836346925
CGAAGA	-0.0617404926572153
ATAGTA	-0.0616575517891066
TTAAAC	-0.0615942468787715
AGGAGC	-0.0614217443448776
TTCTCC	-0.0613079875512842
CAAGTC	-0.0612429712781468
GGTGAG	-0.0611830145393024
GCTGAG	-0.0610069966218348
ACGTTA	-0.0608533538252089
GGTCTA	-0.0608100581138033
GAGAAC	-0.0606373748038223
ACAGGC	-0.0605875669381559
TTAATT	-0.060288430856805
TTAATC	-0.0601881926160654
GAATTG	-0.0600645052253596
CGCGGA	-0.0599393535666976
ACCTGG	-0.0599139244881488
TTGGGG	-0.0598024432222228
CGAGAA	-0.0597426728425099
AGACTG	-0.0596070264429768
GTCGTT	-0.0593593158520411
GCAAAA	-0.058998650781749
TCAGAG	-0.0589916877592894
GTTGAA	-0.0588255940256466
CAGCCA	-0.0587322234845489
ATTTGT	-0.0585504792929487
TTACAT	-0.058482888153323
TGTGGA	-0.0583875672757021
AACATA	-0.0583284266193658
CATGTA	-0.0582055909365041
TTTCCG	-0.0578500805885662
TCACGC	-0.0575055757944855
ATTATT	-0.0574368059455975
GAGGCT	-0.0571408865990307
TCAGTG	-0.0569849207151099
ATCGAC	-0.0568523358962381
GCACTG	-0.0566626708782806
TTGCAA	-0.0565734601792144
TGCACG	-0.0565613088943187
CCCAGA	-0.0563036943169091
TGTGTG	-0.0562042925941776
GTAGTA	-0.0561072442707986
AATCGC	-0.0559076319382961
GGAGAA	-0.0558886585143703
CGCAAG	-0.0555103899275675
CGCAAT	-0.055424155823586
ACTCCG	-0.0553578520020134
ACCTCA	-0.0553048451906257
GTGACC	-0.0552812777464913
AGTAAC	-0.0552001824661595
AAGGTT	-0.0548129307864564
CTCCTT	-0.054712699285413
AAAAAC	-0.0546166555390682
GACCTG	-0.0537686692453682
AATTAT	-0.0536474025134176
GAGCGT	-0.0535817401793314
CCTACG	-0.0533822963131924
GGTTTA	-0.0531403453022675
ACGTCG	-0.0529843520062063
TACGTG	-0.0528164393686232
ATAAGT	-0.0527145359558391
ATCTGC	-0.0526151295417535
AAACAG	-0.0525830028964179
GGTCTC	-0.0525754062624862
AAGAAT	-0.0523219424436056
CAAGCA	-0.0520685594028128
TGGTCC	-0.051959738930711
GAAAAA	-0.0519262863948384
AAAACT	-0.051850217928527
TTATTC	-0.0516432331518385
GAGGTA	-0.0515846480438479
CCTCTT	-0.0515454085268567
CGCCGA	-0.0514651546187349
CAAAAA	-0.0514090496235605
TCTCTA	-0.0513791551873878
ATGGTG	-0.0511279020402021
TCTACA	-0.0510626365111667
CGCCCA	-0.0509986081146728
ATAACT	-0.0508410963530455
GTCGAC	-0.050771718880737
TCATCT	-0.0507127254045514
CCTTGC	-0.0507084459777005
ACATCT	-0.0501624915921194
TTTCTC	-0.0500763379801761
GATACG	-0.0499233087666008
GTTGCG	-0.0493764337529711
CACGGT	-0.0493151033156989
CCGAAG	-0.0492985878359501
AGCAAG	-0.0491193000771582
CACATA	-0.0490553490168775
TTAGAT	-0.0489205705263979
GAAACC	-0.0488471913428956
GCTGCG	-0.0487901641694319
AGAAAA	-0.048696658161603
TTAGAC	-0.0485723402297198
ACCAGG	-0.0485335976691952
GAGACG	-0.0484491581985231
ATGTCC	-0.048396636536399
CCATCG	-0.0482262278792857
GACTTC	-0.0482070868503179
GCCAGA	-0.0481173524640408
ACCCAA	-0.0480853483037719
AATTGT	-0.0480124079567867
GCATTG	-0.0479161105130397
CGTCCC	-0.0478739936976524
GTCACG	-0.0477812520273518
AACCTG	-0.0477281231810321
AGACAC	-0.0477011360193294
GAGGGG	-0.0476466534673531
CAAGGA	-0.0475477131792741
GGTGCA	-0.0473527837990001
TTCCGG	-0.0473238882469045
CATACA	-0.0472820957189381
AGACCA	-0.0472630845435349
TCTCAG	-0.0472585898832402
GCGCGG	-0.0472528848505455
AGGACT	-0.0470171647630563
CGATCT	-0.0466488357280888
TGTTTC	-0.046305239105193
CGCATC	-0.0460764582978358
AATAAA	-0.045701175138422
GACATT	-0.0456965808824364
CTGATG	-0.0456164975374725
GGGCGG	-0.0455006875190333
AATGGT	-0.0454748546287697
CCACGC	-0.0448936938903088
GAACCG	-0.0448709293665417
ATGTAT	-0.0447704255208773
GGCAGA	-0.0444917234092175
CGCAAC	-0.0444612659706752
TCCCAA	-0.0442010677488189
GCCGCC	-0.043778064659462
ATCCAT	-0.0436684595515176
AACTTT	-0.0436423613700337
ACACGA	-0.0432470237864758
CGTCAG	-0.043164454297323
TCTATC	-0.0431391565967091
ACCGTT	-0.0430500524266954
CACGAA	-0.0425638137380863
ATGGAT	-0.0424769764830619
AAGTTT	-0.0422956112492245
CATATG	-0.0422182372484602
GCAGGT	-0.0421991152074627
GAAGCG	-0.0421075254870262
GGCGAC	-0.0420382430071035
TCAAAC	-0.041508129233806
ATTCGC	-0.0414647785445394
AATACG	-0.0413982990131506
CAATCA	-0.0413390325502253
GAGGAA	-0.0413161180552368
CTACTT	-0.0412335280859613
ATTTGG	-0.0411519400822312
CACCTT	-0.0409643331440809
CGGAAG	-0.0402036215489108
TTGGGC	-0.0401008042925304
ACTATC	-0.0401000318402467
TACATT	-0.0400409107633546
GATTGT	-0.0400301021088398
AGACCT	-0.0398283976180221
AACACG	-0.0396751553333357
TATCAT	-0.0396372180082068
AGCTGG	-0.0396131008373428
AGAGAC	-0.0393726567656109
GCATCA	-0.0392418688912471
AGCGCT	-0.0391516595331179
GCTTAC	-0.0391211958123026
ACTGGA	-0.0389301759479486
CGACTG	-0.0389104913422002
CAGACG	-0.0387835546763739
AGCGTG	-0.0384914831530865
ACAGAC	-0.0384744135208153
AGTATT	-0.0382798114405332
TTTCGA	-0.0380974742004235
AAAGAT	-0.0378618431964775
GTGACG	-0.0377734499877551
TGCGGG	-0.0374957138604035
CCAGAT	-0.0373560317920527
TGGGAA	-0.0371302241136365
CAAGTT	-0.0371025692020826
GCTCGC	-0.0366360645187487
GGCACC	-0.0362661779843944
GCATCC	-0.0359193853189077
CCGTTG	-0.0358366151690409
ATCTCC	-0.0356102145363156
TACGGT	-0.0355444564188147
CTCCTC	-0.0355406570464196
CTTGTA	-0.0354893200399625
GGCCTA	-0.0354639331217176
ATAAAG	-0.035444716992949
CGCAAA	-0.0354101624536042
CCAATT	-0.0352099244813781
TGCAGT	-0.0348869566572354
TCAGGG	-0.0348267001137782
ATGTCA	-0.0347421741501159
ATGGCC	-0.0346767855460436
CTATTG	-0.0343323454293535
GAGTTC	-0.0342069094743427
TCCTTC	-0.0340994487594283
GGTTTG	-0.0340820739362492
AAGCCT	-0.0340106143555821
GCACAA	-0.0340083660201276
GATAAA	-0.0339885732056538
GTGTCG	-0.0337271178583365
ACACCG	-0.0334288790079448
GAGGAT	-0.0331423299831441
CAGTTA	-0.0330960839512772
AATATA	-0.0329133070129998
GAAATC	-0.0328945796562876
GGGGAG	-0.032888567124702
CCTGTC	-0.0328879947220648
CATATT	-0.0325978242934883
GTATCT	-0.0325189168872627
CGGGTA	-0.0325017629045364
CCCCAT	-0.0324239427942954
TCAAAA	-0.0324104912119309
ATACAG	-0.0321898698283364
ACTTGG	-0.0320513059239473
GAAGGC	-0.0318799574386082
CTGTGC	-0.0318111963615366
CTCGTC	-0.0317922579719053
AGTACA	-0.0316425340741825
CAAGCC	-0.0316024822683924
TCCCAC	-0.0313956459657111
CAAATC	-0.0313873365102318
TCGGAG	-0.0312972977473736
CGCTTA	-0.0312735223050269
ACTGAC	-0.0311725107157675
GCACGT	-0.0311136970924043
TCTACC	-0.0310727769126884
AGGGAA	-0.0310257136564482
TACGAC	-0.0308192954836706
AATATC	-0.0299103103501294
TCAGAA	-0.0299061816102142
ATCCAG	-0.0298741988553975
CTGATC	-0.0298035303905816
GCAAAG	-0.0297526709643054
GGCAAG	-0.02972852101794
CGAACA	-0.0296235250660711
CGCATG	-0.0292793750654336
AGAGTT	-0.0292732103504128
GTGTTT	-0.0290322125101218
CGTCTA	-0.028994650066685
AGCGGT	-0.0287026977756493
AATCCA	-0.0286888988266136
AGTACG	-0.0285606645374082
TCATCC	-0.0280529584208518
GTAAGC	-0.0278235944488807
TGGTTA	-0.0277667549163388
TCGAAC	-0.0275517239783804
TCTCTT	-0.0271256068929727
GGCAAC	-0.0270434870929959
CCCGTT	-0.0268799205841775
TTAGGG	-0.0265117953584173
AGTTGG	-0.0262817268268611
AACATT	-0.0262662479895851
CTATGC	-0.0260713119076804
TATTGT	-0.0259991839280553
TCGACG	-0.0259216172514174
GAACGA	-0.025870191624236
CTTCGC	-0.0258098743997516
GTAGAC	-0.0257969749334247
ACTGAG	-0.0257876975688854
CCGATG	-0.0257836085732586
TTTATT	-0.0257123110214076
TGTCTG	-0.0255552797856296
CGTCGG	-0.0255406092492011
GAACCT	-0.0253267088734695
AATAGG	-0.0252649337258351
AAGCCC	-0.0252266907273141
CACTTG	-0.0252063755198457
TTACAC	-0.0250936874764283
TGGTGC	-0.0250891233013555
TGTATT	-0.024859479283525
AGCTCT	-0.024831026642387
TCGTCC	-0.0248084990428481
GGTAAC	-0.0245393637138967
CATCTT	-0.0244648178324625
TATCAA	-0.0235256492808751
CCACGG	-0.0234867208022176
CATGTC	-0.0234152984255566
GAATAT	-0.0233009474925634
GGAACT	-0.0232516689642434
CATCAA	-0.023077873737448
GACGTT	-0.022951321850567
CATGTG	-0.0228900467294519
ACGAGC	-0.0228835727358174
TATGGC	-0.0228556208720094
GTTGGG	-0.0228301803202174
ATCGAG	-0.0226756161487439
ACGTTG	-0.0224639072661588
CTATTT	-0.0223437003285876
CGCCCG	-0.0223204632885207
TGCATC	-0.0221558374761212
TTTTGT	-0.0221435835408846
GTCATA	-0.0220967167445447
TGCTCA	-0.0220354268606124
TGGGTC	-0.021944938750566
GGTGCG	-0.0218874259955833
CCTCGG	-0.0217614917815127
TCAGCG	-0.021702188593949
GATTGG	-0.0216469565082582
TGGAAC	-0.0212077284303579
AATTCG	-0.0211864607350297
GGTAAG	-0.0209590944913762
ATTTAT	-0.020949171212006
GCACCC	-0.0209189064818615
CGACGC	-0.0206934959519812
CTGCAA	-0.020692566440119
AAAGGA	-0.0205698996806283
GACCTC	-0.0205611569986443
AATAAT	-0.0204828686704678
AACTGC	-0.0203772849118406
GACCGG	-0.0203724603505185
AGGGAC	-0.0202927032677624
AAAGGG	-0.0199799851483573
GAAGTC	-0.0195253205825137
GGTTCC	-0.0193568951738011
CCTTTC	-0.0190470979977366
GATTCA	-0.0189648058837296
TCCCGC	-0.0189538508977908
TTAATA	-0.0188965428777357
TGTACT	-0.018728985106277
AAGAGT	-0.0184049278965065
AGAATC	-0.0183955744537645
CCCTGC	-0.0182931930473255
TCTCTC	-0.0181718376327373
TGGGCA	-0.0180185055026784
TACTTC	-0.0179950089860358
GTAGAA	-0.017813196678449
ACGTGG	-0.0177680385983921
GTGACA	-0.0175807346249608
TTGCAC	-0.017550011701652
CTCGTA	-0.0174708022651857
TTATGC	-0.0173548902297187
TGGGCC	-0.017108902043384
CCAGTA	-0.0171036503786287
AATGTA	-0.0170051682012775
CCTCTG	-0.0169204770461688
AGGCGC	-0.0168863231003916
CCTCCC	-0.0168264760138168
CAGAAT	-0.0166335837359478
CCTTTG	-0.016620459797371
GCACAG	-0.0166160359813616
TGGGGT	-0.0158584361364778
GAGAAG	-0.01584685755158
GCAGCA	-0.0157771763434851
AAGACC	-0.0157133588334123
CGTTCG	-0.015601794504248
CCAAAA	-0.0155942311673175
TTCTAC	-0.0155162528281748
GATAAT	-0.015456325914233
GCCTTT	-0.0153988707012024
ACTTCG	-0.015246810760319
CAGGCC	-0.015127959958125
AAGCTT	-0.0149475246579966
GTGGTC	-0.0149271974546238
CAGAGC	-0.0147023848722703
TTCACA	-0.0142449290880232
GTTGAC	-0.0141065052444494
TACGTT	-0.0140079768476739
ACGCCA	-0.0135587785269924
GTTACC	-0.0135001922035831
TTGCAT	-0.013475045597073
GTACAA	-0.0133614558143913
GGTTAC	-0.0131625092905449
AAGTAC	-0.0129197134824809
GTTGCA	-0.0128905036077109
TGCCTG	-0.0128727641471673
ATAGAG	-0.012831034652496
GAAGAC	-0.0125560435019268
AAAATC	-0.0124831963532336
ATTATC	-0.0122493191222226
GCGTCG	-0.0120390402991075
ACCTGT	-0.0119913080904269
ACTTAC	-0.0118000237686543
GGGAGG	-0.0117892077544636
TCAGCA	-0.0117019790850989
GGACTT	-0.0116336367446915
GCCGTC	-0.011615208362559
AGTTCA	-0.0114915542618298
CCAACC	-0.0113596527425297
ACGGAA	-0.0109897658335829
TCCGTT	-0.010722972036586
CAGGAG	-0.010683468715918
CAATCT	-0.0105574072710577
CAAAAC	-0.0104592763602459
TGGTTC	-0.0103430202899599
GTGAGC	-0.0103108979307449
GAAGGA	-0.0102781774239108
AATCAT	-0.0102325560924904
CTTCGT	-0.0101627758838156
CATGAC	-0.0101090271027764
CATGAG	-0.0100202506551836
GCTTCG	-0.00985727210511328
AGAGCA	-0.00974737734484737
ATAGTG	-0.00970881412696094
ACCTCT	-0.00967977540117816
GACTCG	-0.00951706869183972
CCGGAA	-0.00920100691263066
ATCGGG	-0.00918575168198116
AAGGTC	-0.00910602318673977
GCTGAC	-0.00906717794007131
AACCCA	-0.00900000052047601
GGATCT	-0.00887903946661096
TGGGCT	-0.00871641408433677
ACAAAA	-0.0083742431979679
ATTCCC	-0.00833690912176983
GATCTT	-0.00827572763393334
GATATG	-0.00817032329133401
GCATTC	-0.00809843212825613
GTCTTC	-0.00804711968242835
TTCTGC	-0.00799217089724301
GGGAAC	-0.00784863678347311
CCGTTT	-0.00782643624946396
TTACGT	-0.00772159092767107
GCGCCG	-0.00734140685836774
CATTGG	-0.0073260400920729
CTGTTC	-0.00685147494910182
CAGGAT	-0.00673188624478232
ACATTA	-0.00668839948248493
GCTATC	-0.00652465631898905
AGATCG	-0.00651020273082583
CGAGGC	-0.00649051884466363
AAACCA	-0.00645824701545777
AGTTTT	-0.00626469593989538
AATACA	-0.00623778349698346
GCCTTC	-0.00619061243120255
ATGACC	-0.00615783839842821
TGGATT	-0.00611973382452437
TGCAAC	-0.00607347308976283
CATGGC	-0.00601473898667407
AAACGG	-0.00597489449810722
GCGGCG	-0.00584495389315598
CGCGTT	-0.00583329335021779
CACTCT	-0.00570340160980471
GAAGAG	-0.00560305804225206
CAACCA	-0.0054762195330946
AAAGAG	-0.00498025726140773
ACCAGT	-0.00497888908338413
GACCGA	-0.00488736620416841
CACGAT	-0.00457139624103036
AGAACC	-0.0045364173366666
GCTGTA	-0.00437544052188088
TGTAAA	-0.00435368674296669
AGCATC	-0.0042431219643629
GAAGAA	-0.00405646728284139
TCTGGC	-0.00398894714155228
CGACCT	-0.00386046334157296
CCGAAC	-0.00372930124000292
CTTGCA	-0.0036560003312532
TATCTT	-0.00321564003578113
TATCTC	-0.003151279498985
AACTCT	-0.00306921509802153
AGAGAG	-0.00296927155736139
GCACTA	-0.00293685967330971
ATGAAT	-0.00287971219478639
GTATAC	-0.00257094970050365
CGTATC	-0.00250500318053389
CATGAT	-0.00231606177481485
AAATCT	-0.00189441205267078
CCACCT	-0.00182536004325582
GGCACA	-0.00178412179350144
AAAGTC	-0.00170675381042518
CTTGAC	-0.0012617574511771
AGGTTC	-0.00111278268947768
CAGCCT	-0.000953991659881018
GTCTGT	-0.00085677571998179
GTTGAT	-0.000766751425526896
ATACGC	-0.000666444543160559
CAATTG	-0.000299250994602175
CTGAAG	-0.000296106205588409
AACATG	-0.000225831196035047
GTACTA	0
TGGTGG	0
ATGATG	0
ATGTGG	0
TGGATG	0
AATATG	0.000151923535605188
TTTGTG	0.000240702853490984
CAGTTG	0.000403539624419454
CTAGCG	0.000447254474917853
TCAAGC	0.000474367236896497
AAAACG	0.000583415116391718
CAATTA	0.000705152239170623
AAATTC	0.000856756898223977
CTAGTA	0.00110680697519105
GTTTCG	0.00115738593068704
AGCAGA	0.00143905146698547
ATGGTC	0.00147167061145625
TGCTTC	0.0016066411274999
CCTCAG	0.00182302672842221
ATTCTC	0.00194127699887655
CCAAGT	0.00196364918577474
TCGGCG	0.00234039893592518
TATCGA	0.00253332664588327
CTGAGC	0.00341642536724282
CATCAT	0.00366442392869507
GATCTC	0.00387847932857084
CTGCTT	0.00388663639450704
GGCCTG	0.00391923480289021
CTATCT	0.00393233347217549
AGAGCC	0.00403670798225941
AACGTT	0.00412390060569146
ATGAAC	0.00426453593358738
CTAGCA	0.00472785088441135
TCCAGG	0.00475085077450163
GCTCCT	0.00476667506317635
TCGGTG	0.00491323597136878
AGAACG	0.00519316518713614
AGAATT	0.00520448273877264
CTCTCA	0.00542999818454485
CAGTCA	0.00545343949833784
AGTAGT	0.00550012795084499
ATTTCA	0.00550486004793548
GCATTA	0.00562421060045702
AGGTTA	0.00587416926710327
CGATCA	0.00604306732656403
GTGATG	0.00607797820287621
AGACTA	0.00613052502675944
ATGATA	0.00624249921284604
ATTGAG	0.00636520899772646
GCACTC	0.00637365209455114
AACTTC	0.00698472452974714
TGGTTT	0.0069900435193823
AATTCA	0.00707391865885771
GAAGGG	0.00710299336134693
GAAAAC	0.00739770604459224
CCGGTG	0.00766667664122307
AATTTT	0.00779615035864457
TATTAT	0.00782291704095309
CATCAC	0.00792712840721192
CCGACA	0.00797382882917717
GGTAGA	0.00797911707752067
CCAGGC	0.00809003137865159
AGTTAT	0.00809257110997029
CAACCT	0.00809368933746707
GCATCT	0.00819112509315455
GCGAAC	0.00829622345294227
CAGACA	0.00841271288832707
GGGAGC	0.00873367996875463
GTCTTG	0.00895048682713928
CTCTGG	0.00912041217307059
ACGTTT	0.0091632604826372
CTCAAG	0.00936446477037294
GGATGC	0.00944665337214353
ACACAC	0.00949080584409924
GATGCA	0.00955080415407252
TTATCT	0.00965995284887472
GTGATA	0.00976382342406492
ATGGTT	0.0100942542531218
TGGGGC	0.0101887154288968
TACCAT	0.0103905448634465
CAATCG	0.0104580035567996
CAAATT	0.0106040895263813
TTAGAA	0.0106226384574113
GCTGCA	0.0108839182612799
ACGAAG	0.0109559572363103
TACCTC	0.0114007749513729
AAACCT	0.0117594522907684
GGACTC	0.0118310756180898
CTCATG	0.0119547355911291
TCCTCT	0.0120318139948172
GCGTCA	0.012033438242118
GACCCA	0.0121277727883986
ACAAGC	0.0121910493717052
CAAGGG	0.0122527451839503
GCTTCA	0.0123710137873365
TGTCGG	0.0123840591997216
GCTTGG	0.0126936547558936
GAAGAT	0.0128491719022544
CACTGG	0.0130477153924755
TCTGAA	0.0131539585701875
CTAAAT	0.0131749478195052
CGATGG	0.0135971787122113
GGCAAT	0.0136622261699036
ACGAAT	0.013696474149181
TGGAAT	0.0140209121315391
GAGGTG	0.0140919419681957
TTAAGC	0.0142956690534073
CTGTCG	0.0142964657498655
ATACCC	0.0145235628534095
GTGTGC	0.0146185270188968
TGGTGT	0.0148502877564546
CCATTG	0.0148544641406421
ACGATG	0.0148766961028347
CTACAA	0.0149888554243287
AGTTTG	0.0150185495703543
CGAGAT	0.0150983021508062
TACCCA	0.0150999555798444
CGTCAA	0.0151036257455103
AGTACC	0.0151136378100483
GACATG	0.015126845552427
CGGGAG	0.0154182527283806
ACCTAC	0.015755154856715
GTGAGA	0.015916292175355
ACGTCA	0.0161172112235565
AGGCAT	0.0163321717389422
AACCCT	0.0164704368699598
CACTAC	0.0164865100740033
TCCTTT	0.0165685184064402
ATAAGC	0.0168133496418777
TATGAT	0.0170335147030303
TTGGAT	0.0170548401614063
GGGACA	0.017291497110061
CTAGAA	0.0176034741732937
TCGCGA	0.0176227265262613
AGTAGC	0.0177390188710062
GTAAAC	0.0178868605534552
GCGGAA	0.0182066986708044
GACTCC	0.0182585251799682
GGGTAC	0.0182711689983587
AGTGTG	0.0182868393284419
AGTAAA	0.0183142363075468
TTAGAG	0.0183342744159796
GGAAAG	0.0184639887889155
GGCACT	0.0184978497496693
GAATTT	0.0186267882536934
TTATTT	0.018717585668277
ATGTCG	0.0187246763839881
TCCTCC	0.0187404515278172
TTAGGA	0.0187824335850834
TCATTC	0.0188155756511603
AACAAT	0.0189166913924338
CCCTCG	0.0191100100680215
CTACAC	0.0192238474531305
CTAAGT	0.0194550437312888
TACTAT	0.0195923929867046
CAACTA	0.0196594422813711
GAAGTA	0.0197817377658182
TGTTTA	0.0199176339091867
CTGAAT	0.0200260288718302
GGATGT	0.0202027073175195
GATCGC	0.0203292121986681
TTCTTG	0.0205381424764099
AGAGCT	0.0205880027368423
GAGGCC	0.0206109539041243
TGTAAC	0.0208004222253121
CCCTCA	0.0209369130465162
GCCTCC	0.0209552762179136
TGGACC	0.0209707073552682
CCAGCA	0.0214964834210695
GAAGCT	0.0215382449351344
TCACAA	0.0216029532497979
TACTCT	0.0219161926359617
TGCATT	0.0221350750685732
TGTCTT	0.0222195584614767
CTTGTC	0.0222614617068892
TCACAT	0.0226878666802177
CGCGAT	0.0227388486718208
CTCAAA	0.0227705191970157
GATGTG	0.0234055329901788
TGTCAC	0.0234846269026289
TGGACA	0.0235952491751485
GCTGGC	0.0239718283720618
TCTGGG	0.0241636968009192
ATGGTA	0.0243834831606075
AGCATT	0.0244525366379174
AGGACG	0.0245109161352092
GGTTCT	0.0245917058275269
CCAGAA	0.0248396762902637
CTATAC	0.0251278924961111
CATTTT	0.0251827417667072
AAATAC	0.0252459314235771
ATGAGG	0.0253178079842898
AGCTGT	0.0254701425112049
GTACAT	0.0255024404124229
TCTGGA	0.025525639199275
CATGGT	0.0255792800736342
AATTTC	0.02562176809392
CAAGCT	0.0257584488484662
TACTCC	0.0259318700238493
ATGCCT	0.0260125667940923
ATGGAA	0.0260165302199551
CGGATA	0.0260951107828519
AAGAGG	0.0261089415062739
TACACC	0.0262207796430824
GATTCG	0.0264078703579054
CCGCCT	0.0266495434321436
AGGGAG	0.0267031875754218
GTGGGC	0.0268511906445827
CTAATG	0.0275422673518429
TTATCC	0.0275556816227784
GTTCCC	0.0276267041014227
CTAGAG	0.0277612011634952
TTATGT	0.0279493785288649
AAGGAT	0.0280906678567856
TGGCCA	0.028416479733796
CGAAGG	0.0284817824356505
TCTCAC	0.0288327500917344
TTAGCG	0.0289078093641189
GATTCC	0.0289846132428633
CCAATG	0.0291442148279501
CTACAT	0.0292305767267204
TACAGA	0.0295022919470014
TATTTT	0.0298192737721895
GTGCAA	0.0298800543483329
GGGCAT	0.0300281138719342
GGATTC	0.0300462607737421
TATGAG	0.0300847531489805
GGTGGC	0.0301286795551501
GATTAT	0.030140277668712
TTGGAC	0.0304393183995064
TCACGG	0.0307595228180632
GGACTA	0.0315375769072585
ATTTTG	0.0316512307586866
GTTATC	0.0318462904986081
AACTCC	0.0323295121155555
TGGTCT	0.0326429737024692
TCATTG	0.0327312115652726
ATACTT	0.0328330066763122
GAGGAC	0.0329753515350703
CATCTC	0.0329871211965995
AGTAAT	0.0334297936425095
CACGAC	0.0338356632248048
GACACA	0.0340070090973452
GATATT	0.0340133798453139
ATGATT	0.0342898435389933
TGCACT	0.0344539671600571
AAGAGA	0.0346088431846238
CACTCA	0.0346467797537935
ACCAGC	0.0347745921579914
ATACAC	0.0348094046658612
CAGGCA	0.0350641462674307
CTAGGA	0.0352452157869472
TTTTAT	0.0355958898044187
TTATTA	0.0355968778264626
TTACCT	0.035786230026133
TCCTCG	0.0359431633632259
ATATTC	0.0359598875685376
GTCGGT	0.0359623458104695
CTTCTG	0.0361075154056699
GAGAAA	0.0363960848829806
AGAGGC	0.0364331127623416
CAAGAG	0.0365465334401784
GGACAA	0.0367466553371954
TTAGTG	0.036748096914223
CCTTAT	0.0368641699497007
CAGCCC	0.0370140960266274
TCATAC	0.0372978767960945
GCAGGC	0.0373140981643986
CAAGAT	0.0375702551803704
CCAACA	0.0376280484679808
TCAATA	0.0377490692797934
AGCGAA	0.0378690050609419
CCGGAT	0.0379391377182638
GCTTTA	0.0380828619622018
AGAGAT	0.0383721574069244
AGATTA	0.0383808085114528
CCTACC	0.038409448114871
GTCCTC	0.038429582329547
GCCGTT	0.0384790995967528
GGTGTA	0.0387292783715816
AGAGGA	0.0388059843503466
TTGGTA	0.0392494092171832
GACTGG	0.0393283422634717
CACAGC	0.039360297362789
CGTGCA	0.0393812796766136
GCATCG	0.0394046586416439
ATTCAG	0.0394458565320327
AAAGTA	0.0394674579709399
TGTTCC	0.0396973699459595
AGAGAA	0.040355573990789
TGGCAA	0.0405055888855953
CAACAG	0.0406180911477033
GACCTT	0.0406308812850819
CCTTGT	0.0406831152755349
GGCGCC	0.0407934561146937
ATGGGC	0.0408371351387497
TGTGCA	0.0410212402335734
ATCAGC	0.0410440799029023
ATGGGA	0.0413502286458971
GAGTAT	0.041546264849591
AAATTA	0.0416167515384532
GGGTCT	0.0417778949462595
GTCCAT	0.0418642040986989
GCATAC	0.0419697263251916
TATCGC	0.0420356302216025
CATGCA	0.0421669846355879
CGTACC	0.0422243226143191
GAAGTG	0.0422431204248856
GCACCA	0.042345498152846
CCTCCT	0.0423475478290924
CGTCGA	0.0424353985314242
GGGCAA	0.0424486122541396
TGCACA	0.0426645674524097
ACAGTG	0.0429107427598107
AGATCA	0.0429497329509314
CGAGTG	0.0429992714933654
TTCCCT	0.0430196555430843
CGGAGT	0.0431858974496002
GTAATG	0.043277814334807
GCTATT	0.0433477982408116
CATGAA	0.0434310490569785
AATGAT	0.0436434886909117
TCACTT	0.0437255361844615
CATCGG	0.0438754320071454
CAGAAA	0.0444449783333311
CTAGTG	0.0447014122177425
TGGAAA	0.0452780461994798
AATCTC	0.045334603042277
TTCCGA	0.0454703384283199
AAGAAC	0.0455288357450146
CTGCCG	0.0455967760029976
TTGGAG	0.0457360093226843
ACAGAA	0.0457664213060124
TGCGTA	0.0457919893937935
TCGAAT	0.0458406348158273
CACGTC	0.0460644704851051
ATAAAA	0.0460981481028439
CGAAAC	0.0462427786014821
TATATT	0.0464737739294904
CCAAAC	0.0469370052479222
TTGACT	0.0469666803792609
CAACGG	0.0472013107866621
TGTATC	0.0472792973700812
ATGCAT	0.0473255114905709
ATTCGT	0.0476092874391749
GTAAAA	0.0477837125613108
GTTACT	0.0479449717070098
CAAGAA	0.0480112958243666
CACATT	0.0483841270031101
AAAAAT	0.0485178743284771
GTAGGA	0.0485384717087061
GATGGA	0.048544669014005
ATGAAA	0.0485609351252681
GATTTT	0.0489982081971498
CTCCCC	0.0490629286390051
CTTGAT	0.0490877321091741
ACTGTC	0.0493293823691209
GGCGGC	0.0493605971056381
CTCTAC	0.049429609077086
GCCATA	0.0494374324258704
GACCCC	0.0495107627212672
GTGAGG	0.0495167794417336
ACACAG	0.0497465036692517
TCAAAT	0.0498753342513588
GACATC	0.0500761146163414
CTGCAT	0.05031250878889
AACATC	0.0505617860410578
CAGCAA	0.050620806819763
GGCAGG	0.0507043084080225
ACGTAC	0.0508936407487134
TCTGAT	0.0509565780592393
CTGGAT	0.0511875963842637
ATATTA	0.0512932943875505
TGTTCG	0.051448867805553
CAATGG	0.0514855743477643
GCTACC	0.051696355212442
GAAAAT	0.0518348466431964
CGGAGG	0.0518548555422771
AATAGC	0.0520291811642853
GATGAC	0.0521487208892406
AGGGCC	0.0521895525698852
ACACCA	0.052438698133326
CTTCCT	0.0525645194747519
GACTTG	0.0526060032367775
CATCCA	0.0526215075588778
CAAGGT	0.0529257308762579
AGAACT	0.0532400828025384
GCATGG	0.0532861254388825
GAATGG	0.0532903189417125
CAAGGC	0.0533331979427143
GCCAGG	0.0533647140501788
GATTTC	0.0533892797651874
CGCTCC	0.0534007767271152
GGATTA	0.053519976183707
CCAGGT	0.0537460607266325
ACAGGG	0.0540105656514397
GAAAAG	0.0541792992766854
AGGAAG	0.0541959019592651
GATGGT	0.0543722287045416
GACTAT	0.0545565615415469
TTACTT	0.054808236494995
TTGACG	0.0548878774282012
CTAAGG	0.0549868603264406
TATGTT	0.0549997108900424
CTGTAC	0.0551221253120295
TTTTGG	0.0551944991811422
AAGACA	0.055500682515772
AATATT	0.055522410762651
ATGACG	0.0555468099456071
CCTTTA	0.0556873409288314
ATGTAC	0.0559581858819248
CACCAA	0.0560260875069346
GTACCT	0.0561229536258094
TACCAG	0.0561409493101176
CTAACA	0.0561588303883896
TTAATG	0.0561678560110346
TCGTGC	0.0561856251202749
CCCTGT	0.056479131419916
CGGATG	0.0565199622313732
TCCAGA	0.0566816855933684
CGAACC	0.0567593338191088
CTTCAC	0.0567792287737489
GAAAGG	0.0568521150211801
TGTTCA	0.0568538383790242
AGTTTA	0.0569489959457771
CCGCTC	0.0570825153920354
TTTACC	0.0571787599268881
GAGTCG	0.0572064342005908
CATTCC	0.0573190304532767
GACAAT	0.0573584677534499
ACGGAT	0.0573742150232941
CAGATA	0.0573785860154786
ATGGCG	0.0574619843076334
GCCGGT	0.0574988174761733
AACACA	0.0577385690737967
ACAGAT	0.057831699638301
CACTTC	0.0578355913463985
GTAACA	0.0579384517817826
TACTTG	0.0581252338116741
CTGGGG	0.058167325982029
CTTGCT	0.0582357892885851
GATGAA	0.0583226518303825
CATGTT	0.0583554287207073
CAAAAT	0.0585265360353678
CGTGAA	0.0589931039397643
TACCTG	0.0591344826255238
GCGGCA	0.0591739630394176
AATCGA	0.0593283732686114
TATCGG	0.0593996442525657
CAGCTT	0.0595879773219693
GGCGCT	0.0596750326905223
TATGAA	0.0597046175966858
GCCGCT	0.0597711304224643
TTCACG	0.0599386384779998
AAGGGT	0.0599948258872941
CAAAGA	0.0600470575463563
GCGGAT	0.0603189281129041
AAGAGC	0.0604773001625991
TGTACG	0.0604782039646231
CTTGTT	0.0611995276397506
TGTTCT	0.0613928387796117
GTGCCG	0.0614759230376525
GCGGTG	0.0614777893987337
GATGGC	0.061763033645865
GAGCGG	0.0618754037180875
ATTTGC	0.0619177882731619
CCCTTA	0.0619494120070495
CGTATT	0.0619664891836428
AGAATG	0.0620402848955391
AAAATT	0.0620454844283358
GGTATG	0.0620619270359082
GTTCAT	0.0620837925260472
GGGCAC	0.0625096755600641
AACCAT	0.0625848751916212
GTCAGG	0.0626210400854587
CAACGA	0.0626610899839967
CTAAGC	0.0626860202232193
TTAACC	0.062707733679521
CCTGAA	0.0627912365802947
CAAGCG	0.0629193635977546
GCTGAT	0.0630218058021672
GTATGC	0.0635680520241508
CTACCT	0.0637021888383274
ATGCAA	0.0637183447536815
GAAGTT	0.0641366991059144
GATGAT	0.0642780335916865
CTAAGA	0.0643641883529921
CAGGTA	0.0644318601593889
TTGGAA	0.064795301002772
CGTTCA	0.0649946638021631
CCATCT	0.0653028581124889
CGAAGC	0.0654677917270831
TTACTC	0.0657125433653813
AACTAT	0.0658183828294195
GATGCC	0.0660575058800316
TGTGAA	0.0660634928398891
TTGATC	0.0662823720504567
ACAGCG	0.0665458114423188
ATCATA	0.066636541034217
CGACTT	0.0667145564538395
TATATC	0.0669063052923068
AATGTC	0.0673852399592388
GAACTG	0.0674713275181885
ACTACT	0.0675015440270434
TTGAGT	0.0675719799036677
GTCTAC	0.0677105460280544
CACCTC	0.0678537029566967
AGCCGA	0.0679407935361476
TGGGTT	0.0680351421028751
TATTCA	0.068149776962808
ACGGAC	0.0682973805582562
AATAGT	0.0682991096500173
ACAGAG	0.0684812089061304
GGATGG	0.0686705617105413
ACAGCA	0.0687759058395873
AATTTG	0.0689968619178982
CCATTA	0.069124270468201
AAGGAA	0.0691473708437543
ACTCAA	0.0691599844120286
CGCTCA	0.0692392072438319
ACATCA	0.0694072551425728
TGCCAT	0.0694970308119735
AGGACA	0.0695941837806831
AAACTT	0.0696945332954492
AATTTA	0.0699367879628455
CTACCA	0.0701030168624256
CCAATA	0.070262519632904
TCTACT	0.0702950161273377
GTTCAC	0.0703182987148431
GTGAAC	0.0709288691780621
GGCCTT	0.0710272994381159
AAATGC	0.0711593396776486
GTTATT	0.0712781754641463
CCTGAC	0.071323520563426
CCATAT	0.0713307670715149
CAGTTC	0.0714853064607103
GCGAAG	0.0714884108232371
CACATG	0.0717439048588413
GGTGGG	0.0718988755438636
GGAGAG	0.0720367614857208
GAAGGT	0.0721597961656141
CATGCT	0.0721930034798366
CACTCC	0.0722259138817421
CGTGCG	0.07228526397604
GAATGT	0.0723924873634559
GGAATG	0.0725706928348356
GCCTCT	0.0726170917027114
CAATGT	0.0728477731032978
GTTCAA	0.0729313663144899
TTGATA	0.0730181897041365
TTTGTA	0.0731127241902714
TCAATG	0.0731150433349077
GGGACG	0.073314866329247
GCGTTA	0.0733168223229104
GATGAG	0.0734269425485816
GCAAAC	0.0735511651741872
AGCTGC	0.0736633594701298
GATTCT	0.0736973704231331
GCATGT	0.0737916010368566
CCAAAT	0.0742581551695832
TTAACT	0.0742915110576507
CCATCA	0.0746611325882813
GATATC	0.0746929307844142
ATGGAC	0.0750140550626394
GAAACA	0.0750411461840278
TCCCGT	0.075094652056167
CCAGAG	0.0750999477626412
AACCTT	0.0751182692157202
CACACC	0.0755003437682689
ACAAAC	0.0755557919551809
CACTAT	0.0756177576989212
GCGTTG	0.0756684406108171
ACCGGT	0.0757142511343352
TTGGTT	0.0758444559971812
ATTCAC	0.0760800463473034
TTTGAG	0.0765389795405449
TCTGTA	0.0765572532619287
GGCATA	0.0766020451802038
AAGCCA	0.0766246655559337
CAGGTG	0.0766821326662909
AGTGTT	0.0770129508803624
GAAATG	0.0770519015773111
TTCCCA	0.077072022904133
ATAAAC	0.0771610611387953
ATAATG	0.0773700301410644
GGAGGA	0.077550815018559
ATGGCA	0.0777094634267242
ACTTTT	0.0777183764324038
GCCAGT	0.0781006267523951
CGTTCT	0.0781636331189623
GCACGC	0.0783650113158146
TTAAGA	0.0785365027918167
ACTGAT	0.0785534767422118
CACTGC	0.0786901948355398
ACGAGA	0.0787528894403153
CGGACA	0.0788444462837149
TCACCG	0.0790232888072529
CTTGCC	0.0792938653189553
TGTACC	0.0794476466622255
ATCACG	0.0794507260664839
ATTCCA	0.0795213712003764
ACATGG	0.0795683977340379
AAATTT	0.0796500989031281
AACTTG	0.079662166725887
ATGTTT	0.0796660662830436
CACATC	0.0798083601350661
TATTTA	0.0798683042780416
GGTACT	0.0799297386632765
ATGAGA	0.0799302044675531
CATATC	0.0805123328389413
AAGGAG	0.0808050154928104
GTACTC	0.0809119637241618
AATGCT	0.0809145182749982
GAAATT	0.0809755883194942
GGATCG	0.0810744897776708
CTGCTC	0.0810751921429914
GAAACT	0.0813278433068665
TCCCGA	0.0814652876882866
CATTAT	0.0816258659891734
ACACGG	0.0818952998561943
ATTCAT	0.0819610294549738
AACCAC	0.0819682085082025
TGGGAG	0.0819968785153808
CCTGAG	0.0820333684427866
CTATAT	0.082059950065018
CTGAAC	0.0821994049105988
TGTGAT	0.0825715435109049
TCTTCG	0.0827610454728561
GCTCTT	0.0829447369355978
AATGTT	0.0829702273768559
AGCTAT	0.083106735537665
AAGGGA	0.0832589351407938
CTCAAC	0.0833056008821605
GTACTT	0.0834047359409833
TCGTTC	0.0834048347754725
GTAAGA	0.0834096960653187
TTAAGT	0.0834810857813764
GCCCTC	0.0834831988207861
TGGGTA	0.0835614997201337
GTAGAT	0.0836402705105689
ACCGTC	0.0836528198976362
AGTTTC	0.0838236711665075
AGCACA	0.0841823392478373
GTATAT	0.0841926511727223
GGCTGC	0.0842616140244416
TTGGGT	0.0845546225451614
GTACCC	0.0851084268435435
ACGGGC	0.0852845590851372
TACAAT	0.0853407257263389
GTAGGG	0.0854328917096084
GGACAG	0.0854472144447545
CGTTTA	0.0860002683732848
CGGCCT	0.0862629939964494
AAACCG	0.0862811950466505
GACTGC	0.0863575685322108
ACATGT	0.0864114674057665
CTACCC	0.086784130084891
CTGGAA	0.0869193826738453
AAAGTT	0.0869579024835878
AAATAT	0.0870025783607075
ATGCTC	0.0872331310652696
GCAAGT	0.0872829903979532
GCTCGG	0.0878508901213481
GGTGTG	0.087948124800676
TTTTCG	0.0879582759664629
CGATGT	0.0880118773232132
GTTTGG	0.0880231850907614
CAAAAG	0.0880877257518594
GTCAGC	0.088377248153239
CCGCCC	0.0884109573440529
AAAAGA	0.0884556494865162
GATCCT	0.0884692789026336
GTCTCC	0.0885763109838719
CAAACT	0.0887689944936687
CCGGAC	0.0889405092966473
AAGACG	0.0890551929222811
GTATGG	0.0893463236081155
GGGCAG	0.0894505338206556
TGGCTA	0.0894523703201649
AGATTT	0.0894881727017418
GTCCAC	0.0896292665002585
TGCAAT	0.0899708295617719
TTAAGG	0.0904381810318481
CGTCAC	0.0905014012540763
GCACAT	0.09060737836312
GTCCGT	0.0906714227828878
GGTCGT	0.0911394024214908
GCAATG	0.0912472767011357
GAGAGT	0.0913064713235182
GCCAGC	0.0916626114218708
ACTGTA	0.0919660125119872
CTCGAT	0.0919962969396231
GTAGTG	0.0922151911464125
ATATGT	0.0923012237804265
TGTTTG	0.0923804098406561
GATGTT	0.0926349188319345
CATGGA	0.0928031210224945
CGATCG	0.092937995659269
GAAATA	0.0930410331437912
CTACGT	0.0930775861779301
ATAGCG	0.0932875691268201
ATTGGC	0.09346479885914
ACGCGG	0.0935442980312528
CTGGTC	0.0936716337577265
CATTCA	0.0936953816092171
GGAATA	0.0938048385790276
CCGCCA	0.0940936361431152
ACAATA	0.094415943737278
ACCAGA	0.0944399703111656
CGTGCT	0.0946568499636641
ATTCCT	0.094709436803691
GCCCTT	0.0949734381713548
CTAATA	0.0952318044973711
GCAGGA	0.0954738295578518
GTCCGC	0.0956546835833823
TTACCA	0.0957603391828652
TTTGGG	0.0957681159663868
TCGTTG	0.0958013100709335
CCGCAA	0.0958644618305962
GGCTCA	0.0959727786957158
CAAGTA	0.0959983079507011
TACATG	0.0964870883057394
AGAGTA	0.0967490523229078
GTACCA	0.0971453986331655
CATTGT	0.0972419510154893
CGTGAT	0.097297000711332
CAAATG	0.0973714362239148
GTTCCA	0.0975924257389736
AGGCAA	0.0977282634684514
ACATTT	0.0979611725970724
ACGCTC	0.0980854558943094
ATCCGC	0.0983801045963896
CAGGAC	0.0985404589280781
AAAATG	0.0985652636864272
TGCTGG	0.0986068165361168
ATGAGC	0.0986178663953726
ATGTGC	0.0988214565817563
TTGAGC	0.0991057657131703
GGACGG	0.0992858141113551
AGCGTA	0.0994213970663112
GAAAGA	0.0994260271495122
ATTGAC	0.0995989384808904
AGGGCT	0.0999350448758825
TTCTTC	0.100304917975449
TATGAC	0.100444239696145
AGAAAT	0.100481965865381
CTTGGT	0.100561591420136
CAAAGG	0.100991542462074
CGTCTC	0.101301305094285
ATTGAT	0.101588659697675
TTGAGG	0.101785215321523
CAGTCG	0.10198626148188
AAGGCA	0.102272114427743
AATGAA	0.102599433137818
TATGGT	0.10274300469578
CTTCCA	0.102888257839493
CCTGGT	0.102894423162633
TCATGT	0.102923815649328
GCCACA	0.102989400052958
GTCAGA	0.103110385478048
GACTCT	0.103269751152517
TATGGA	0.103303974147294
AATCCT	0.103554417509129
CCGCGA	0.103584316256571
TGGGCG	0.103648034799986
CTATCA	0.103682971842641
ACAAAG	0.103776311002784
CCTGCC	0.103908407053041
TACTGG	0.104063708862375
GACAGA	0.104123438536202
AGAAAG	0.104132976296504
CTGCAC	0.104718924489775
TACCGG	0.104954094193179
ACAACA	0.105030218105067
AGGTCA	0.105237521991845
CTCACA	0.105433859014785
GTGGAT	0.105612702977395
GCAGAG	0.105916225591549
GTGGGA	0.106179852041229
CGCACG	0.10621558197756
GCATAT	0.106245549789408
CACGTT	0.106388661230982
GACAGT	0.106391215888953
TGTGAC	0.106419277006068
CCTCCG	0.106426045859865
ACTGCG	0.106854924568053
TTTTCA	0.107108073493947
AAGCAG	0.107153931741228
GTAAAT	0.107470608575752
ACGAAA	0.107758904274657
CGGCGC	0.107888962011185
ATACTA	0.107947839222777
TTGGCA	0.108293322038444
AGCCGG	0.108622535244207
AAGCTA	0.108731457422535
CTGAAA	0.108748498570671
GACAGG	0.108881222560474
GCGTGG	0.108990283708405
GCGGAG	0.109126747383148
TCCACG	0.109307689448179
GTGCTA	0.109387525719133
CCACAG	0.109450500909352
GATCCG	0.109648508949125
GTAGCA	0.109657685201803
TGGGAC	0.11004828083729
TTATCA	0.1101278580894
TTAACG	0.110209051102599
ATTTCT	0.110232878297461
GCAAAT	0.110268239153897
ACTGAA	0.110276912951552
AGGGTA	0.11036641051189
CTGACG	0.110612984527714
GGTGAT	0.110925171182694
CGATTA	0.111014328461012
ACTGTG	0.111040822064198
GGACCT	0.111135259292281
ATTGTA	0.111148404887134
ACGGCA	0.111849183295133
ACTACC	0.111914185238903
AATGAC	0.112004391523332
TACACG	0.112250614948344
AATGAG	0.112313570726141
GATGCG	0.112445429379788
ACTGTT	0.112466240966045
CGAGAG	0.112537509007826
TGCAGC	0.112620211501633
GGGCGC	0.11264320601591
GACCCT	0.112782583006259
TCTCCT	0.11295727066761
TACGTC	0.113214834110394
CTACAG	0.113275939445343
GGACTG	0.113460608902155
CTTCAT	0.113685225543858
GATTTA	0.113874790057135
TGCAAA	0.113993841539305
TATTTC	0.114001319768311
GCAGTA	0.114040049377549
AACACT	0.114155610187259
GTTTGT	0.114277972947277
TACACT	0.114294202001077
AGCGAC	0.11432714970842
AGGGTG	0.114537469283347
CCTTCT	0.114636720797838
CAGTAT	0.114686900145472
GGCTCT	0.114768897172139
ACCACA	0.115097964443362
TGGACG	0.115209929720684
GCAGAC	0.115305638191224
TCTCAT	0.115640935041265
CGATAT	0.115657247964465
CTATTA	0.115689640103344
GTTTAT	0.115710976904952
CTTCTA	0.115876609361497
TATGCC	0.116005016698717
TGGATA	0.116013590042159
CATTTC	0.116110165611064
TTGCCC	0.116252128447029
ACTGGG	0.116345672029408
CACAGA	0.116435086902647
GGAAAA	0.116449655340231
GCTCAA	0.116648410465249
TGTGCC	0.116648475431678
CCGGCA	0.117202349268775
CCCCTC	0.11724746481434
CGCGGG	0.11741545616318
AAAGTG	0.117713215205604
ATATCC	0.117843331591794
CTTGGG	0.117847972829691
CACCAG	0.118018211822982
ATAAGA	0.118224309473943
AGAACA	0.118528668301055
GTAATA	0.118603245532063
AAGCTG	0.118618648817294
GTATCA	0.119003659833132
GTGCGC	0.119090708469728
CACCAC	0.119255893973424
ATGAGT	0.119266119086463
TCAGTA	0.119358744518913
GGCTAT	0.119477295215996
TGGTAC	0.119555438768549
CGTTTG	0.119902067540608
ACTCCA	0.120004451924981
TCACTA	0.120181995197547
GAAACG	0.120396076943627
TTGGTC	0.120730223755984
ATCACA	0.120833137035411
CGGAAA	0.120867685207023
GTGCTT	0.120949295872277
TGGCAC	0.120967233696686
ATTGGA	0.121013036412944
TTGGCT	0.121125201200962
ACATAT	0.121192455586707
CGCACC	0.121217143281755
CGTGAC	0.121299917933163
GACAAA	0.121515680418924
CCCAGT	0.121564147661994
GATCGT	0.121761642953389
TATGCT	0.121847167908582
GAGTGC	0.122190694311581
TACCAA	0.12226382179983
TTGGTG	0.122378800864024
GAGGAG	0.122434864294526
CCCTTT	0.122435792112498
CAAACA	0.122501462625505
CCCTCC	0.122505708402097
ACAAAT	0.122655317462213
ACAAGT	0.122795577479928
CCTGTT	0.122859003407004
CAGCTC	0.122882751826111
GGCCCT	0.122951235078001
GTTTAC	0.123409672971263
ACCAAT	0.123565458219068
CTATGT	0.124022935844435
TCACTG	0.124046896270509
AAGCAA	0.12430483245242
TGCCTT	0.124376151126027
AATGCA	0.124748814385529
GGGTCC	0.12526817130034
AACAAA	0.125293711160675
GTTTTA	0.125774853517309
GCTCAC	0.12579813867783
TTTTGC	0.12611391530765
TGGTCG	0.12646422540143
CACACG	0.126497365967143
ATCAGG	0.126901632418142
TATGCA	0.127403746470458
GGACGC	0.127586366445025
CCTGGA	0.128316506301173
AAAACA	0.128844088516894
CATTCT	0.129025852744094
TTCCTC	0.129409092042813
AACACC	0.129453174521895
GTTTCA	0.129763143724115
CGCCAA	0.129936421706664
GCGTTC	0.129949774416263
GCTGAA	0.130240859179127
CAGCTA	0.130259301933957
CCCAAC	0.130361817863243
GCTGTG	0.130437167296275
GGGCGA	0.130533469582328
TTGGCG	0.130652376776107
TCGTTA	0.13086019142474
AGAAGT	0.131160763297824
TCGGTA	0.131195661032157
TTGATG	0.131233853158988
GATGTC	0.131392728816218
AGCGAG	0.131393580092036
TCGCTC	0.131409104148184
AGAGGT	0.13161624793647
GGCCCA	0.131721806423895
GAGGGC	0.13173585732542
AACTGT	0.131833992324998
CCCTTC	0.131843865856452
GGTGAA	0.131953369778813
ATGGGG	0.131978606774214
GGACCC	0.13212534639509
GCAGAT	0.132243411649093
CCCGTG	0.132293701520124
GAACTA	0.132355453507179
CAAATA	0.13264902841232
TTAACA	0.133512383205355
GTGGCG	0.133601941850274
GGTACC	0.133802976135169
TGCTAC	0.133820483879302
TTGAGA	0.134091316116276
ATAAAT	0.134155010690324
ACAATG	0.13429544750633
CGGTTA	0.134307707988681
CGTCAT	0.134587455066766
AGCAAA	0.13460717493677
AACCGT	0.134706983226943
GTGAAG	0.134754654679648
ACGCAA	0.134823748843836
AACTGG	0.135150680491843
CCAACT	0.135175490155702
CCTCAC	0.135549342435741
TATACG	0.135549532680527
AGAAGC	0.13592546492121
CCTGGC	0.136020857365326
CCCAGC	0.136392624905555
CGGTTC	0.136472964474175
TACAAA	0.136733757966535
TCTGGT	0.137046683444755
GCGCCT	0.137389758230103
ACTTCC	0.137686320192246
GTACTG	0.137716471971727
GCTCCC	0.137795262839163
GTGAAA	0.138269910018821
TTTTCC	0.138489902298925
AACCAG	0.138671030458969
CCTTCC	0.138755336797054
TGTGGC	0.139092048461003
GCAAGC	0.139160533151938
TGCACC	0.139196388045448
CCATTT	0.139343695443306
TCTCCG	0.139451848949661
CCGCAT	0.139856042743419
ATCATT	0.13989534197817
ATGACA	0.140007735291627
CAACTG	0.140476755357321
GCTCCA	0.140627701651976
CGCTCG	0.1413688665894
ATTTCC	0.141383994839138
GGGAAG	0.141578170751537
TTTTCT	0.142158319979451
AAATCG	0.14259743491036
ACACAT	0.142602301003719
TATGTG	0.143429295660405
AGGGCA	0.143545952222721
TGCCAG	0.143706259198815
CTACGG	0.143896916390689
CGAGAC	0.143904840697708
TCCAAT	0.144033997400897
TTGATT	0.144115678220204
ATTTTC	0.144451568436546
AAGGCC	0.144639133460945
TCCAGT	0.144662215459924
ACGGAG	0.144690195321219
GTCACA	0.144883573917833
CCTTCG	0.144920200512246
CGAGCA	0.145062127093615
CTCGGT	0.145199197492205
GTTTGC	0.145411202773858
TCTGTT	0.14548978013085
TTTGAT	0.146263178215267
TGGCTC	0.146304349958921
TATCCT	0.146354295643
GACTAC	0.146801729545419
AAATGT	0.146886279915519
ATATGC	0.146966077688929
GTGCCC	0.147058769857358
GCGTGC	0.147251457366987
TACACA	0.147273090261101
ACAGGA	0.147536155939636
TTTTTA	0.147566356202283
CAGCAC	0.147817833518812
CCGTAT	0.148064643046913
ACGGGA	0.148109772871442
CAAAGC	0.148183669411393
CGATTT	0.148422957152151
TACTGT	0.148452658712621
TCTTCA	0.148854095345661
AGGCGA	0.148927935511518
CCGCAC	0.148988587783397
AACAAC	0.149098021007364
TTTGAC	0.149440899386872
CTGCAG	0.149459776262215
TATCCA	0.149781505015473
GAGTAC	0.150096409499218
GCGCAC	0.150152273860563
GATGGG	0.150188017065689
CGCCTG	0.15033341346441
TACTAC	0.150389961733934
AACTAC	0.150735684234768
AGCGGA	0.151011979269041
GCGGGA	0.151159290727736
CTCTAT	0.151429747242841
AGTGTC	0.152356424832831
ATTCAA	0.152597832065605
TTTTAC	0.153205466837094
TATTCG	0.153257984109164
GAGGGA	0.153443534415129
TGCTGC	0.153522857625196
CCGGAG	0.153821966736039
GGGCGT	0.153877493102434
TGCCAC	0.154084015382715
AGCGAT	0.154094159685421
TTGAAT	0.154210513277318
TCTTCC	0.154719455832184
GAGAGC	0.154888361919743
GTTCGC	0.154961573175444
ATAACA	0.15546590750375
GTATCG	0.155577570817718
AATGGA	0.155774996860589
TATGGG	0.155885665856894
GCCTGT	0.155901724682428
GCAGAA	0.15597191618686
TCTGTC	0.156004248476581
CGGCCG	0.156049032282764
ATTTTA	0.156318018434493
TACAGG	0.156354293826939
TGCTCT	0.15674968272653
TGTCGC	0.156923752009494
AACCAA	0.157188443283994
TCATCG	0.15728140324613
AAGGAC	0.157289906253655
AATGCC	0.157362904207335
AACCTC	0.157522131321848
GTCAGT	0.157930541785992
GACAGC	0.158087540830786
TCGAGA	0.158365256824405
TCGAAG	0.158436335934552
TTACAG	0.158992157311045
AACGTC	0.159157992605548
TTACAA	0.159174910776176
TATGTC	0.159227034805906
AACAGG	0.159360602558636
GTGCTG	0.159378545843738
CATTCG	0.159532843555912
CTCCGC	0.159582069824465
GTTGCT	0.159713598957469
ATATCT	0.159715286113237
GTGGAC	0.15997061313479
TGCAAG	0.159999003176029
CGGTCC	0.160197733039928
TGCAGG	0.160201814922493
TTACGG	0.160222717237425
GTATTT	0.160309390760515
AAGCAT	0.160567350769297
GGATAT	0.160591905710981
TATTCC	0.160993705454651
GAGCTT	0.161279824311001
GTTCCT	0.161290683654607
GCTCGT	0.161353980772772
CGCGGC	0.161425136662447
AACCGC	0.161624189232294
CTCTCT	0.162027716738198
AGAATA	0.16205452352717
ATTGAA	0.162076102701848
CACAAT	0.162144667991548
AGCACT	0.162547729682098
CTCTTT	0.16290315696516
TTATGG	0.162931811419412
TGTGTT	0.162995733016082
CGCTCT	0.163122429817842
TTCCAA	0.163405704516586
CAAACG	0.16344671679179
TTTGGA	0.163460549153036
TCGCTT	0.163669772205969
CCTGTG	0.164081447008868
GCGGAC	0.164271952256397
TCCACA	0.164320925780737
TGGTCA	0.164496915893846
TCAGGA	0.164536365414978
TCGCCA	0.165016251148838
ATCCTC	0.165942664709915
GAACGG	0.165966241205329
CTACTC	0.166492444659635
GTGCAG	0.166534423205376
GGAAAC	0.166633445075973
TCACCC	0.16672574449981
GTAAGG	0.167242190128185
TTTCCC	0.167355674997328
GCTTCT	0.167389657817267
TCGATA	0.167641270009757
AGAAAC	0.168022520714754
AGTATA	0.168237735586263
AGCGGG	0.16850610115935
TGCTGT	0.168571693329126
GCGCAA	0.168880380598264
CGGTTG	0.16895027432714
GAGCAA	0.169019971621695
TCGTTT	0.169178361705503
GACCAT	0.169909396859423
AACAGA	0.170146972730022
CTTGGC	0.17066457335887
AGCAGG	0.170799407393328
GTGCTC	0.17138161675562
TCATGG	0.171713648357863
TCGAAA	0.171787176618127
CGTGGA	0.171805615065979
TGGAGG	0.172059178205712
AGTTGT	0.172520903271283
GTTTTG	0.172594626889056
CTGGAG	0.172632260319361
AGCGCC	0.172645889660159
GATGCT	0.173274616292599
GTCAAT	0.173335613021262
GATTTG	0.173780071916998
TACCAC	0.173820877413892
GGAACA	0.174042306957258
CCTCAT	0.174133890803576
TTATCG	0.174216560162284
TCCAGC	0.174224396496421
ACGATA	0.174376914618987
TTCCAG	0.174813973180908
TTCCAT	0.174917455976129
CTCATT	0.175213545334577
CGGTCT	0.176353996693018
AGGCTT	0.176766643561859
CTTGCG	0.176817932563598
CACACT	0.176912897116429
TCTCGA	0.176986416408513
GAGGCG	0.177177701896589
TCGCCT	0.177536905013044
CCACCA	0.1776840508048
CGAAAT	0.178418734959547
TGTCCT	0.178477889327315
TCGCAA	0.178537463379037
CATTTG	0.178552035547292
ACGTAT	0.178650337870714
CGAGTA	0.178701000281749
AATCCG	0.178765980591451
TCGATG	0.18002471291164
CGGCAC	0.180210578929218
TCACCA	0.180323554131281
GTTCTC	0.180425051213328
AGGGCG	0.180449625740122
GTAGAG	0.180450332288321
AACAGT	0.180536169298631
TTCAGT	0.180686091023381
CGTTAT	0.180757170225233
GCACCT	0.180968142363924
TTCATT	0.181037533020577
CTGGAC	0.181831993018496
TCTTTA	0.181988748993027
TTTTTG	0.182297226189703
AAATGG	0.182801263671638
ATGCCC	0.182948481380712
ACCATG	0.182951334438119
GTTGGT	0.183202617082514
TCGTCG	0.183228483508425
CCTTCA	0.18325893293066
CCCACT	0.183310638930357
TGCTAT	0.183415112254308
TGTGGG	0.183692358927733
CCACCG	0.183776339081712
TATCGT	0.183815209050738
CGCCAG	0.183818328572079
CTGGGC	0.184242475722453
ATAAGG	0.18482981930988
TTGGCC	0.184905084041644
CTTCCC	0.184967912449156
CAGGGC	0.184981090219861
AAAATA	0.185166533477737
AAGGCG	0.185287681846064
TGCATG	0.185326065814253
ACAGTA	0.185613533021414
CGCGAG	0.185625253609623
CCATGG	0.185811716755801
TGGAGA	0.185837936097028
AGGCTG	0.185956323576617
CACAAA	0.186079905885097
TCCAAC	0.186292162143746
CTGCTA	0.187062816847689
GTACAG	0.18706542273314
TGCTTT	0.187082873895665
TATTTG	0.187159491422428
CCGGGG	0.187629737939682
CCAAGG	0.187632337354294
AAATCA	0.187660490403941
CATCCT	0.187857554827835
CCCAAT	0.188017171896449
AGTTGC	0.188215670254631
GACACC	0.188360160681662
CGGAAT	0.188407264093589
GAGCCA	0.18846117108203
TTCATG	0.18852352610943
TGTGGT	0.188686429885955
TCATCA	0.189213751449942
AGTGTA	0.189309647292152
TCATTT	0.189757247710038
GCGCCA	0.189782390592801
AGAAGG	0.19004732382502
ATATTT	0.190500366808074
ATAACG	0.1905659751226
AGGTCG	0.190863511844339
ACACCT	0.190986899644459
GCCCGT	0.191350963513349
TATTCT	0.192419411001429
TGGCTG	0.192435025953453
TCACAG	0.192761578954914
TTTGCA	0.193041865359826
TTCAGG	0.193241427266242
ATTGCA	0.193497920008029
ACTTCA	0.193831086437008
TCTGCC	0.194160356612781
AAAAGG	0.194212428369856
GTTGCC	0.194513221088799
GACAAC	0.194618384629875
CACCGG	0.194776152778639
CGTGTG	0.194923999519691
TCATTA	0.195006213420043
GTATCC	0.195022446056406
CTGCGC	0.195173014927168
GGCTAC	0.195257323235035
TCGTAT	0.19552161557798
CCTCCA	0.195695416484095
ACGCTT	0.195752456756856
CCTCAA	0.195756180606604
CAAGTG	0.195871771224461
AAGAAA	0.196154070194915
CCGATA	0.196808002976407
CGCTAT	0.196960094176114
GGTATC	0.197075289187759
TGCATA	0.197116340836706
TCATAT	0.197249790325773
TTACTA	0.197992235744318
TCTCGT	0.198522119011674
GCCAAA	0.198731719295667
ACTTTC	0.19905945415517
GCCAAC	0.199474829598271
TTGACC	0.199587568405263
GACCAA	0.199864178519786
GTAGCG	0.199945335016892
GCCACG	0.200046958402629
CTTTTT	0.200049452878405
ACTGCT	0.20012542774317
TTCAGC	0.20028294826846
TGGCCC	0.200351385169664
CAGCTG	0.20052937037617
TGTCTC	0.201124447307138
ACATGC	0.201293111344958
TCCATA	0.201459046164397
CAGGGA	0.201525370279905
ATATAC	0.201685862584625
TTCAGA	0.201867624921636
CATGGG	0.201984378478779
GTAACG	0.202040119827023
CCGCTT	0.202541342218196
TACAAC	0.203179555613613
ATGCTA	0.203351781132969
CTTGTG	0.203363055011381
CTCAAT	0.203501153931252
GTGGCC	0.203503380358246
GCCAAT	0.203713398029147
ATACTG	0.203891507598578
GAGCGC	0.204632433502287
GGACAC	0.204719598956767
AGTGCT	0.204749176609587
CATCGT	0.204973782510577
ATCAGT	0.205336048016601
ATATGG	0.205491136239955
AGCGGC	0.205614267351633
GAGCTA	0.205720924988579
TCTGCA	0.206000142296592
CTGGCA	0.206412283781157
CCTGAT	0.206572982895093
TTACGC	0.207019492592411
ACCACG	0.207113533295115
TACCGC	0.207146239173859
ATTCCG	0.207416027896421
ATTGTG	0.207696830188002
GCTACT	0.207889384282948
AACAAG	0.207991312015862
TGTGAG	0.208153559162499
CCAAAG	0.20864214529894
AGCAAT	0.208665532133557
GTACGC	0.208910461623349
GACCAC	0.20922871645879
TTTGAA	0.209581805332015
GACACT	0.209668264861418
CTGGCC	0.20967088682429
CATGCC	0.20972663600681
TTTGCT	0.209751530928089
CTTCCG	0.209806954469557
GCGGGC	0.210335303249154
TTCACT	0.210545930632313
GCTTTG	0.210746291335988
GCGTAC	0.210803065770169
ACTGCA	0.211219583606856
TCTTCT	0.211253233065641
ATTGGG	0.211773109266456
AGGCCT	0.211922454684601
CATGCG	0.212054187092361
GGGTTA	0.212725635967505
GTTGTT	0.212839867350535
GTCCTT	0.213443276725004
CATTTA	0.213899684637369
AAACTG	0.214244012023049
GCGTTT	0.214257827784682
GGCCTC	0.21427343292002
AGCCGC	0.214578188455287
AGGCAG	0.215404880628079
TTTGGT	0.215535939550315
TTTGGC	0.215591722020599
CAGCGA	0.215624718900183
GACTGT	0.215775722381144
GTCATG	0.216677374795283
GGCTGG	0.216942162458815
ACGGTG	0.217148438435886
GTTGGA	0.217818216137404
CGCATA	0.217954724451751
GTCAAA	0.218373977071363
GGTATT	0.218422671176014
AAGCAC	0.218555483258439
TGCCCC	0.219193031569859
GGGAAA	0.219439482355534
TATGCG	0.219700119647209
TCTTTG	0.220449545969973
GAGCAC	0.221329408393338
TGCCAA	0.22137092978809
CGCCCC	0.221828626732901
ACTTCT	0.222056895407172
TTACTG	0.222222799962731
TCTCAA	0.222932990330382
TGTGCT	0.223577039417187
GGCTCC	0.223744693502436
CAGCGT	0.224301629034838
CGTGCC	0.2244474898758
TGCCGC	0.224632754865678
AGTGGT	0.224805252664489
GCTGTC	0.224941143026016
AAGAAG	0.225209017034482
AGCACG	0.225718291686679
CATCGC	0.226759234956932
TCGAGG	0.227149882450443
TGCTCC	0.227230280458227
CACCGC	0.227742718885083
ACCATA	0.227759451366176
CTCACT	0.227879156060044
ATATAT	0.228722551266186
GCTGTT	0.229090109882809
CCATGC	0.229676472355833
CGCTGT	0.230542652144535
CCGCGC	0.230724296022122
ATTGTT	0.231369440120529
TCTGCG	0.232544608861322
GCATTT	0.233294629158168
TTTGCG	0.233350369446412
CCTCGC	0.233423481933959
GGTGAC	0.233541708263536
CGCACA	0.233576574402109
ATTCTT	0.233862291954479
AGGATA	0.234146289065604
ACTGCC	0.2346272618777
TCGCGC	0.234807699310967
ACTGGT	0.234953939605998
CGGTAC	0.234985232750596
ATAATA	0.235086595968439
CTTCTT	0.236841798051084
TATCCG	0.237605734471605
CGGTCA	0.23795863709935
ATTGCG	0.238632325935223
CCCATT	0.238688949137328
CGAGGA	0.239043091289667
CTCACG	0.23940407218599
GTGGCA	0.239452289356134
ACGAGG	0.240277926890441
TTCCGC	0.240374488242572
CAACCG	0.24069870606991
TTCCAC	0.24087518629828
AAGGCT	0.240913877592033
AATGGC	0.241039101324831
CTATGG	0.241394192075407
AGGTTT	0.241727516849721
CACACA	0.24178640364825
CTTCGG	0.241998352077839
CTGGTG	0.242198957849369
GTTGTC	0.242507391591696
CGCCTC	0.242779525831069
TTTCGG	0.243279567511627
TGTGTC	0.243514391588743
CTCTCG	0.243536870275745
AATGCG	0.243577907960109
CTCAGC	0.24376938167068
TTTGTC	0.243783015146919
AGCAAC	0.24386663315463
ACGGGG	0.244041018566685
CTACTA	0.245080870699382
CGTTCC	0.245387478527931
TGTCGA	0.245413505674246
TTTTTC	0.24552665923551
ATCATG	0.246532551202011
GCGCGC	0.246753416953343
AGTGCC	0.24724110289327
GGCAGC	0.247407707959582
GACCAG	0.24758885406265
ATTGCT	0.248080132240022
CTATCC	0.248202018393428
GCGTAT	0.248804546260763
TCTGCT	0.248806530032918
CTGCTG	0.249945103843015
AGGCCA	0.250576866751319
TTACGA	0.250831028653818
CCTGCA	0.25093564214734
AGTGGC	0.250940283586324
GAGCAG	0.251000349747644
ACGCAC	0.251433482986684
ATTGGT	0.251570100059895
AGTGCA	0.251722907401667
CACAAC	0.252326845364077
GCCATG	0.252372637323756
TCGTGG	0.252624394922133
CGAACG	0.252647579774966
CCCACG	0.253841217674409
GCTGCC	0.254453784039993
AGGCTC	0.25446659927775
CAGTAC	0.254789029149755
ATCAGA	0.255537619125214
CTGGGA	0.255771024249364
AGCATA	0.256368555196857
TCATGC	0.256446217483279
AAAAGT	0.257106681240473
CTGATA	0.257126908500482
CGTTAC	0.257330125081033
CTCTCC	0.257680513531853
GTTTTC	0.257901572745749
CTCATC	0.258290506628816
GGAAGC	0.25863438701155
CAGCAT	0.259467878251316
GAGTTT	0.259872622706741
ACGCCT	0.260499337857979
ACCAAA	0.260623496532925
CCGGGA	0.260789150930577
TCCACC	0.261232252373795
TACAAG	0.261500142814165
ATCAAT	0.262834280324665
CCTGCG	0.262989459861409
CAGTTT	0.263061064422
TGTGCG	0.263694628778579
CGACAT	0.264524788810673
CCCACA	0.264940679992671
AGCAGT	0.265956870262992
AGGAAA	0.266058508362826
CGAAGT	0.266654705259705
CGACAG	0.268232802049737
GAAAGC	0.269642395914009
TTACCG	0.272498778948089
ACGCTA	0.273568608650675
AAAAGC	0.274408750947517
CTTGGA	0.27498963003782
CCCACC	0.275289692593285
AGCACC	0.275348731849334
TGTCGT	0.276167666015703
TCTGTG	0.277521104420372
GAGGCA	0.277709214002306
CAGTGC	0.278999496199679
ACGTGC	0.279097471917794
TCTCCC	0.279165387924736
GACAAG	0.279524380177269
CGAATG	0.280032831205881
TCCATG	0.280060914170708
TTCCGT	0.280203405116231
ATCACT	0.280422624409154
TACATC	0.281073020805337
CCGCGG	0.281226762395234
GCGCAT	0.281244504793356
TCGTAC	0.281498194528201
GGAAGG	0.2816708907615
CCCAAA	0.281732170734571
GAGCCT	0.282840478572337
CCGTAC	0.283381568578886
GTTTCC	0.283498038670766
CCTGTA	0.284135416617773
GTTCTT	0.284165016351695
ACCATT	0.28462419417404
GTACGT	0.284839142320947
ACGCAT	0.285263771702227
GTTTCT	0.285371959815425
AGAAGA	0.285827870690914
GTCAAC	0.286526909156529
GAGCTC	0.286681008738074
CTCTTC	0.289195970676035
TCTCCA	0.289302785014948
GGGCCA	0.289365539970435
TGCCGA	0.28944463113545
CGGTAT	0.289642033879989
CTATCG	0.290459976473909
TTCATC	0.291657706758811
AGTGAG	0.291821874961084
CGTTGG	0.292532943765937
TTGAAC	0.294191683673135
CCCATG	0.295318845726556
ACGGTA	0.295490254899593
TCACCT	0.295914952968759
CCGTTA	0.296728718184123
TGGGGG	0.296852624423989
GAGCAT	0.298268792106216
GGAAAT	0.299886832656568
GGAAGA	0.301166450005686
GGCAGT	0.301474761472573
TCCATT	0.301805913955451
GTGGAA	0.302731776507982
CTCCGA	0.303010218145816
TGCCTC	0.303020343548934
GCGCTT	0.303532387543346
CTCAGT	0.304936181492371
GGCCAT	0.305393149745088
AATGGG	0.306926918828728
AAGGGC	0.308236221739306
AAACTA	0.309273101756278
TCCAAA	0.309433476307637
ACGCCC	0.310206582530458
CGTGTA	0.310539360477189
ATTGTC	0.310560676632369
CAGCGC	0.311845545781747
CGTGGG	0.311845545781747
TTTGTT	0.313696323768001
CTGGTA	0.314823265585831
AGGCTA	0.314977810325744
GGGTTG	0.315374873085132
GGCTGT	0.315431985404683
GGCCAA	0.315535751761552
GTGGTG	0.317400364535337
GAGCCC	0.31742634028356
ACCAAC	0.317674646280461
ACGGCG	0.317731514915232
CTTTGG	0.318051638055743
TCAAGG	0.318112402823044
AACAGC	0.318740230488893
ACGCGA	0.319935807111654
CAGGCG	0.321137184476207
ATCACC	0.321858192827524
CCCTCT	0.321902870322196
CTCATA	0.322694239722873
TTCACC	0.322815345850947
TCGCAG	0.32319834055739
TCAAGA	0.323706899764352
CCCATA	0.324474727972262
CAGCCG	0.324792677491904
TCGCAT	0.325117324123043
GTACCG	0.32541260136456
CAAAGT	0.325546609917596
AGTGAC	0.326174692520218
ACGCAG	0.326266428983108
GGTGCT	0.326349820694636
TTCAAT	0.326758595374014
CTACTG	0.326990062140821
CCTGGG	0.327798101535021
CGGTGC	0.328118338905537
CCTCGT	0.328591422289847
CGATAC	0.328791961029012
CACAAG	0.329013397389194
GCGGTA	0.330214256167389
CCGGGC	0.331065825006139
TTGAAA	0.332306310148895
CTACCG	0.333254865984559
AGTGAA	0.333436118031852
CATCCG	0.334196898013208
ATATCA	0.334639770272229
TACCGT	0.335747780002168
CCAAGA	0.336036687921963
CGCAGT	0.336099892156914
GCGCTC	0.336472236621213
ATATCG	0.336530253571339
CCCGTA	0.338611134455046
CCCATC	0.339590495402501
CGTGTC	0.339829216329089
CCCAAG	0.340332771690079
TTGAAG	0.340628676484321
ACCACT	0.340712794036458
GGTGCC	0.340791261481831
ATGCTG	0.341162138607761
AGGCCC	0.34303684000638
GCTTCC	0.344896190124072
GGCCCC	0.345902609652625
GGAAGT	0.345911799222576
CCTGCT	0.346520668421843
GCGCCC	0.348615026961632
CCGGTA	0.349361848448797
CTGCCC	0.349433782682173
GTCACT	0.350218831973322
GCTGGT	0.350381820655735
CGTGTT	0.351254261170162
GCAAGG	0.353132259904345
ACTTTA	0.353259332142893
CTACGA	0.353323812719381
AGTGCG	0.354154830169183
ATCATC	0.354330166472448
AGGCCG	0.354735831444363
ATGCTT	0.355416554510928
GGAACG	0.355466882729815
GAGCTG	0.358115878042709
CGTTGC	0.359245208526316
AGCAGC	0.360415402349359
TCTCGC	0.360805427645247
CTCTGT	0.361035415964063
GCGCAG	0.361203667856392
GTGGGG	0.361414528266129
CACCGT	0.362445530044422
ACCACC	0.36276960089215
AGTGAT	0.362845785918384
ATTGCC	0.363112239641565
CGCCAC	0.365408623907487
ACAAGG	0.366881232747474
GAAAGT	0.367847567549977
CGGCTA	0.368002596490488
GCATGC	0.368616009675903
GTCATT	0.370742592586304
CTTTGC	0.37111796284016
TCGCCG	0.371646474442951
GGTGTT	0.372197180310294
GCCACT	0.372284736559256
CTGGCG	0.372612148717888
GTTCGT	0.373330741985475
ACTTTG	0.374449295121471
GTGGTA	0.37554943066209
TCCAAG	0.376704089249182
CTTTCA	0.377193291218891
CTTTAC	0.377368333294169
AGTGGA	0.378475790385966
GACCGC	0.379323315368249
TCGCTA	0.379349914039043
TTCAAC	0.382184497769537
ACGCTG	0.382309105895138
AGTGGG	0.383478857115536
CGCCAT	0.386184719486923
AGGCGG	0.38832709216349
ACCAAG	0.388720730613451
CTCTGC	0.39442867324429
GTACGG	0.394753452513237
GTGGAG	0.396195702101016
ACCATC	0.397134945100436
CTTTCG	0.397569531105384
CTTCTC	0.39774091825867
TCGCTG	0.397898388228243
TGTCCC	0.399474683223612
GCTGCT	0.400641525834704
TCCACT	0.401262347994259
GGCCAC	0.401438139521704
CGCTGG	0.402576721532295
CTTTCT	0.404093098923688
CGGCTC	0.404215888707732
GGCCAG	0.406899469646344
ACAAGA	0.411028500320904
CGTCGC	0.414192400769776
CTTTTG	0.416124939927386
CTTTGT	0.41712023903973
TTCAAG	0.418042765639704
TCGCCC	0.418310414836858
GCCACC	0.418906316376248
GGATTT	0.419324587129041
CGAATA	0.422238463742435
GCAAGA	0.423205254457463
GGCCGC	0.424393117993683
TTCAAA	0.424602857707468
CTCACC	0.426220986806926
TCCATC	0.426631496762686
CGGTTT	0.427564657024552
CTTTTA	0.430459081892733
CGTGGC	0.430668538876271
ATCAAA	0.431134180158825
ATCAAC	0.432252753553923
ATCAAG	0.433827496831865
GCGCTG	0.434455112414386
GTCATC	0.435647222848159
CGCTGC	0.438772306125933
ACGCCG	0.441597375086002
TTTGCC	0.444762257303625
TCGCAC	0.4478976180816
GGGCCT	0.448867749221911
TCACGA	0.449158731173102
GGTGGT	0.449810504746675
GTGCGG	0.450708627886297
CAGCGG	0.451597789565657
GTCAAG	0.45377051076119
GGTGTC	0.456612676938317
GCGCTA	0.46183145706622
CGGCTT	0.46616485293857
CGACTA	0.467557643517475
CTTTAT	0.474554099147677
CCTCGA	0.479270477879105
TTCCCC	0.479423293909572
GCCATT	0.481544304680991
GCCATC	0.487483516193071
CGCCGT	0.488993613852474
CGTTGT	0.495849169576433
GGGCTA	0.502635284350428
CAGCAG	0.508029632742808
GGCCGT	0.509580847220448
GTCACC	0.513216393610075
GGGCTT	0.518786955831706
ATACCG	0.520382174080988
CTGCGG	0.52222366871836
GCCAAG	0.523508029045223
CGTGGT	0.526794271009821
GACCGT	0.530141987984269
CCGCTG	0.536910009020476
GGGCTG	0.538757668437751
CTGCGA	0.547687217070149
TGCCGT	0.557493042554444
CGCCGG	0.572194570142283
CGGCTG	0.577875546659732
CTTTCC	0.586721323488945
CGGCCC	0.588313119244365
CGGCAG	0.59254798200383
CCGCAG	0.594833332257683
GGGCCG	0.595262299150355
GGGCTC	0.603880596524467
CGCTAC	0.609265696579243
GGGTTC	0.614198523143741
CCGCTA	0.614373155174347
TGCCGG	0.614464968603044
CGATGC	0.617089890050174
CGTCGT	0.622132152590009
CATCGA	0.632485211168297
ATACGA	0.63331239569498
CGGCGG	0.641430898721124
CTTCGA	0.662557893040436
CTTTTC	0.680139775365606
CGCCGC	0.693498119324733
GGGTTT	0.705153120673286
GGGCCC	0.706110422638571
CGCAGC	0.707515648631983
ATACGG	0.712602224291234
GTACGA	0.7249436697417
CGGTCG	0.755958256860916
